16.2945
15.9089
13.0683
13.2183
16.034
16.2672
16.0411
13.2466
16.1022
14.6232
14.0571
13.0491
13.4731
13.3267
13.4725
14.8758
12.406
15.1323
12.6521
12.8028
13.0465
13.9659
12.5658
15.4789
16.3922
13.7518
13.0017
13.033
13.3179
12.5991
13.1452
13.8142
14.9238
12.9199
13.2437
12.9469
18.8098
17.4491
13.124
13.0454
13.6556
12.7696
19.3918
14.916
16.1887
13.5212
13.0678
12.6928
13.1388
12.8171
12.8391
13.4591
15.264
12.8284
12.7507
13.0873
14.3441
13.525
15.8133
16.3049
12.6081
12.6557
16.5112
14.7141
24.2133
13.2584
13.4061
17.0013
12.9772
17.7664
13.207
13.2005
17.2978
14.079
18.9683
21.6805
13.5811
13.1048
12.9875
20.9966
12.983
13.2125
13.135
12.6347
12.6636
18.9437
15.4555
13.2354
20.0509
12.013
14.667
12.3425
20.2459
11.857
24.5606
12.2199
14.6925
12.2732
22.2395
11.9872
13.6588
11.9536
14.2842
12.2726
15.2138
11.92
13.3793
12.0631
17.9508
11.9673
15.7222
11.8923
15.3555
12.5009
22.7515
12.0382
15.404
11.9547
19.6654
12.0028
13.2047
11.8753
12.3847
12.0759
12.6463
12.1688
13.1482
12.9936
17.5729
12.5776
12.5559
12.1073
12.7189
12.8304
13.113
13.9123
13.0889
13.1185
13.0241
12.4846
13.1947
12.7684
12.8197
12.2722
14.1333
12.7313
14.4888
12.7626
12.3114
13.4359
12.4748
12.0816
12.2526
14.6787
13.278
16.022
16.0305
13.1751
13.9706
19.7258
13.2983
13.19
15.8686
15.2975
14.4061
15.0257
13.0075
15.5914
21.1994
20.5332
12.8472
13.5446
13.7732
13.6608
12.3759
18.6535
17.7435
17.3949
12.2885
14.1289
18.6533
12.3213
19.0897
17.0729
14.9716
14.9461
15.2851
12.3279
22.1351
15.6006
12.4029
18.0524
12.7469
13.0466
12.4504
12.2124
12.7128
12.5236
12.5877
15.1314
12.4872
12.6081
12.9196
12.5077
16.7204
14.4507
12.5274
12.8272
12.9021
12.4763
13.9468
12.4683
12.6434
12.4504
15.6756
14.9436
14.1571
18.3769
18.2714
20.1635
13.1374
12.3354
12.4535
13.1388
19.1898
17.982
14.8603
12.3289
12.6906
12.294
17.9174
13.0461
20.7878
13.7927
12.2686
17.4105
16.1088
18.7534
19.1029
15.2841
13.921
19.5052
20.7224
16.8157
20.3349
12.6962
13.1861
12.9589
12.2238
13.083
13.6995
12.5117
13.2944
14.9398
12.8233
16.2826
14.1812
15.078
12.4203
15.0517
12.8181
15.782
12.4425
12.8513
12.5884
15.1002
12.5212
20.4996
16.9016
13.866
18.0235
14.6108
16.9509
16.3286
14.0928
12.573
19.389
15.1553
18.8122
14.3296
14.6462
12.3453
12.5199
14.214
21.1367
12.6231
12.7258
23.2884
12.6803
21.7979
18.5866
18.6581
14.3699
20.1177
12.3385
28.0273
13.2837
14.6868
15.311
12.3236
17.9189
15.6508
15.5082
12.6797
14.3956
15.3654
15.1989
18.3455
13.4536
14.3329
15.0701
14.8024
16.4617
16.2579
15.3363
13.4654
23.7479
17.2216
19.4294
13.1793
12.3597
21.4605
14.5131
22.2887
17.1184
24.3437
15.5775
12.5057
13.1464
14.4337
17.9025
17.8588
12.5398
18.0587
18.7128
19.7521
22.4865
12.42
13.0318
12.9066
12.7555
14.5829
12.6976
12.8907
12.5983
12.8367
17.607
12.7814
17.3184
12.6074
12.5533
16.9055
12.4292
12.5465
16.8038
13.3912
13.0875
15.0592
21.981
19.2976
14.5619
16.5089
12.3905
12.6921
12.6684
13.2051
12.9822
16.5648
12.6596
15.101
18.7945
16.9887
14.9499
13.9105
13.1935
14.1936
13.037
22.5313
12.4381
13.4349
12.3184
15.8828
12.5728
19.6695
17.4914
12.8325
12.6792
14.5894
18.3305
17.6029
13.1541
18.6247
20.768
12.7943
18.8914
18.6506
12.9783
14.2092
13.6646
16.5907
17.9616
20.7304
14.4573
15.7045
13.4367
12.8899
15.2466
14.6148
17.1896
12.4319
12.8747
19.0249
12.8565
13.5599
13.0839
12.8075
15.9567
18.477
17.6303
18.3916
17.9396
13.1543
17.3806
14.8565
18.835
19.6944
12.9179
15.4395
17.4705
15.1019
15.5748
13.1546
12.5275
12.3984
16.3104
13.2178
17.9876
13.2973
13.4484
13.2914
18.7329
18.5601
17.7444
13.4022
13.6809
13.2482
12.6407
16.2078
18.4366
17.9975
16.5544
16.5783
12.4975
13.269
12.8342
16.241
19.2782
13.5339
13.0198
12.8851
17.8816
12.623
12.8131
17.7831
15.3164
21.6968
15.0031
12.5181
17.1641
15.2263
19.7582
12.4478
12.746
19.553
17.5266
14.7503
20.3101
12.9969
13.1851
15.2833
13.2701
20.5795
19.0906
12.8279
15.4334
13.0213
13.0628
17.282
16.3114
12.5636
20.3554
18.5232
17.7472
18.7786
13.5959
13.2005
16.1326
16.5458
18.583
15.6699
19.4602
19.074
16.4605
13.3562
18.2435
18.125
21.9686
20.2637
24.7038
15.6102
12.8468
17.1681
12.4361
12.7568
12.8976
15.1389
13.0597
17.3791
17.4877
15.2855
12.9359
20.9463
17.5798
15.2307
16.0595
12.6695
12.7676
19.1281
13.8455
12.779
13.7221
15.8865
22.646
15.3593
19.9412
13.1585
12.7599
19.9939
19.9528
19.1592
19.5791
15.5538
20.4128
22.0621
12.4498
12.8274
13.6455
12.7696
13.0547
12.5117
12.6421
13.908
13.4142
20.3435
19.6563
15.2179
12.3658
19.0155
16.1752
20.0086
18.292
16.6344
17.127
20.4943
20.5499
18.2271
18.5727
12.4584
12.6059
13.8125
12.5016
16.8996
20.7926
13.6213
18.1142
12.712
12.6471
12.2826
12.6816
12.6635
12.3941
13.3255
12.9329
16.4941
13.0404
13.1376
18.5892
12.5169
14.6548
16.3013
19.0155
13.1693
16.2179
12.8426
13.5411
17.3422
14.8888
12.6487
12.4665
12.715
17.4299
12.6641
15.8862
16.4212
19.4516
15.0783
13.0702
15.3821
15.1175
12.8218
16.059
14.3403
18.3126
19.3662
12.806
13.6883
13.3361
13.2387
13.9064
12.477
20.9724
14.0345
14.2238
18.4405
18.9143
17.5077
12.9333
13.0602
18.8002
18.2347
19.0611
16.9634
12.9722
20.2529
15.2501
19.2759
17.1753
19.3143
13.042
18.6049
17.5993
18.0594
17.3045
12.692
13.768
12.7828
21.3573
17.1938
13.1345
13.6781
30.8019
13.5532
16.645
18.6685
18.2173
13.1559
19.7215
20.2473
20.8666
12.9777
12.8485
15.4569
13.311
13.5799
18.8805
13.0529
13.1149
17.4962
14.4414
14.791
13.6399
21.0262
13.0567
19.0432
12.8379
18.395
17.7588
12.9919
16.2222
12.8192
16.0953
14.8254
12.9724
16.7741
12.7767
19.9094
18.4153
19.21
12.906
18.1151
18.562
15.3239
12.7025
12.7452
12.222
20.7093
18.485
12.2979
12.9068
12.7143
13.1027
12.6316
14.3349
12.5123
15.0593
25.9518
17.9897
21.0677
23.3037
14.7901
12.4373
12.6103
12.3626
12.702
12.9957
12.3613
20.3329
12.5945
13.5178
15.4763
15.4409
16.5045
15.664
12.4424
12.5146
12.598
12.5729
13.0494
13.4693
13.4377
15.6781
18.4329
12.7514
13.7828
14.397
14.5952
12.931
13.0393
13.0428
12.6834
13.232
14.4788
17.0577
13.6568
17.6562
18.1258
20.8759
13.5892
21.6104
16.7021
17.4651
13.8777
21.6585
14.809
12.8006
16.266
18.4098
19.6672
17.5607
14.093
15.9791
19.1224
12.9447
15.8516
16.2498
20.0775
18.1784
12.8082
17.666
17.02
16.2532
19.4019
12.4326
12.6939
12.5451
17.818
14.8137
13.494
12.7216
16.8572
16.5207
19.882
20.167
15.8573
19.7315
12.5833
12.583
13.4062
12.5601
12.4991
13.1039
12.4255
12.4698
15.9089
15.3454
13.6252
12.6216
15.6292
13.2192
19.9555
12.2849
15.3812
16.4604
16.0131
12.9357
13.6082
14.8617
17.8745
12.4172
13.1697
14.2182
12.8175
12.5943
12.3275
12.2237
12.3794
12.8566
16.4302
18.1732
19.4819
13.7659
16.9867
12.6847
13.0543
15.5425
13.9531
15.2837
12.6598
13.5984
19.0781
17.0859
12.6152
12.162
19.8866
15.4279
19.2535
13.1964
18.0305
15.0974
21.5654
19.0383
13.0631
18.2189
19.561
18.5649
13.8973
13.9177
13.0715
12.7296
14.9934
15.0407
13.4675
12.7147
13.0785
12.8441
18.2012
16.8909
18.6611
12.6321
20.4683
20.7831
12.7547
12.4359
12.9913
12.6257
12.8042
12.9229
17.811
18.603
12.9118
15.9428
16.7996
19.7242
14.7499
17.1533
14.3571
13.9786
12.4455
13.3304
13.8478
22.282
14.8597
14.964
14.5743
17.797
18.0385
18.4
14.048
17.8645
16.7778
13.5243
15.759
12.7861
14.6976
20.1923
12.6465
13.0364
12.6473
20.2217
13.0857
16.4762
12.6664
12.4777
13.2098
12.5909
20.2834
20.1077
18.2777
16.775
12.7041
15.8957
17.3337
13.5687
12.4244
13.0138
20.1579
19.73
15.9274
19.1062
14.4205
12.5526
13.0278
17.1543
12.8325
17.4761
12.908
18.225
12.6098
12.8095
15.0951
13.0325
12.4176
13.4614
16.6493
17.916
12.4374
12.8436
12.3916
12.5563
13.1978
13.1201
13.7373
18.7234
13.34
20.3417
13.0449
19.5329
19.1557
21.3098
21.651
13.64
14.6351
15.3455
14.7328
19.4692
17.9299
12.9166
15.3019
14.6917
18.6093
12.3677
12.5662
12.4328
19.0248
13.7664
12.9521
12.7559
21.17
21.194
19.2943
13.879
17.2117
12.5849
12.9433
17.9978
12.6493
18.2798
12.9676
18.4782
14.3839
12.9001
19.2824
12.5391
12.8131
13.4744
13.478
13.1462
17.0199
12.432
14.5095
12.9277
12.9397
20.6719
18.854
13.0157
12.6317
12.8718
12.8843
12.4933
12.5209
12.5134
12.6579
20.3231
12.6501
12.4003
13.2285
12.7662
13.0201
14.3021
12.65
14.4755
14.6565
19.0024
19.6658
17.3349
15.0165
16.0676
12.9064
13.025
13.4839
15.6296
15.0323
12.8858
13.6029
12.9948
14.8565
20.7735
19.0921
18.3595
12.5747
16.2578
15.3369
17.6896
12.6597
19.3681
18.5853
20.6149
19.8504
12.7559
12.7037
16.8735
15.4313
13.6142
20.3079
14.6377
14.0575
16.7994
13.2387
13.6229
18.3349
16.5214
17.6253
13.1988
13.259
17.8849
12.8849
24.4371
14.3191
14.1086
13.0012
12.7098
15.8769
14.3303
17.236
13.6758
20.8932
21.4038
22.2738
26.6758
12.8261
13.0416
14.8195
13.4507
13.0537
12.4797
19.3016
12.8221
21.6404
19.6476
20.4843
16.0229
14.4983
15.6536
18.7622
18.0223
13.9174
15.9021
17.4457
20.9157
12.5483
16.6237
13.0481
13.3706
23.587
13.5194
19.5572
14.4266
12.6322
12.8937
13.2611
20.9261
15.0444
12.7637
12.396
12.4393
12.3411
13.227
12.7073
15.5833
14.0206
13.0323
17.5772
13.3659
15.6888
12.605
12.5873
19.68
19.9117
19.5768
12.4838
12.7464
12.9797
12.588
15.5703
19.831
16.8056
14.8897
13.349
19.0065
12.4602
17.2368
12.9355
17.6529
13.2783
14.455
14.6432
15.1691
17.8196
12.8856
22.1816
21.5349
15.8221
12.5712
15.2101
13.614
19.9188
17.8652
12.8984
15.0475
19.5561
16.6959
17.1086
18.8504
14.9152
13.6647
12.5149
12.7067
12.4834
13.0234
17.7209
19.7204
12.613
14.79
17.1663
15.1011
15.1106
16.4827
19.7074
17.1095
15.5232
12.5691
15.9186
12.7722
12.4019
16.5789
17.5964
18.5253
12.6506
17.3179
12.6306
18.9537
19.669
18.2069
21.3401
14.5267
12.587
13.2296
20.2787
18.1798
20.0513
17.6752
21.643
19.4401
15.0817
15.7703
12.875
15.4098
14.4699
16.4653
12.8783
12.8642
18.9812
19.3021
14.9528
12.5219
21.7155
12.7059
13.2368
12.6471
20.1798
19.5702
18.3116
13.0757
12.8125
19.0073
21.2483
17.2649
14.7917
13.1617
13.1628
12.6778
18.4927
13.6277
12.9347
16.3539
15.023
15.7135
24.7537
18.5409
18.6528
15.5949
12.8747
18.4983
19.782
13.2314
13.4796
22.9421
14.934
26.1956
13.4982
13.2547
15.1937
20.5524
14.6423
13.0216
15.3647
19.3272
15.2433
16.7758
21.8109
18.4404
18.6905
17.7519
12.7999
15.7284
13.0106
13.1496
17.0082
20.1675
18.1772
19.5279
17.2955
22.3602
19.2529
13.7355
12.7993
19.8049
19.4639
15.2305
19.2116
15.8216
13.4091
18.5865
14.5561
14.6919
14.9359
12.9058
12.5085
12.4777
12.721
17.2607
18.4456
13.439
13.8104
15.4681
14.3592
15.3839
19.9789
17.6541
17.409
13.6836
23.1114
12.9904
15.9715
16.8601
15.2918
21.3272
20.4584
13.2616
12.44
13.4664
12.6178
15.0014
13.0859
12.8262
12.8071
19.2107
13.7909
16.7216
16.3756
20.3496
15.3807
13.3169
20.7165
16.8153
22.2113
14.7908
12.998
13.9083
12.9269
20.184
12.8873
17.4212
12.754
17.8035
18.5614
14.9952
15.0663
19.164
12.9192
12.4609
20.0574
17.6969
21.1598
13.0605
14.7559
12.7602
17.3525
19.7012
19.3625
12.6848
12.734
17.5632
19.6122
14.4729
15.4435
13.1844
13.5836
17.8679
25.9039
20.3438
18.2688
15.892
18.9542
12.854
15.0207
15.3673
12.929
17.6576
14.8807
18.8364
12.9102
18.2752
19.2764
16.5704
14.6691
18.6569
20.0942
12.4434
18.7853
17.6102
14.1469
14.3556
14.6746
15.6939
23.6825
12.662
20.2511
21.1976
16.3607
17.8562
13.039
14.7643
13.1245
16.9521
19.7532
16.0401
20.2645
12.6349
14.4489
17.0346
14.8159
17.7168
18.8638
12.459
13.441
16.0905
12.3971
18.7448
24.3016
13.0767
15.9911
12.8586
12.5709
13.9254
12.426
14.7017
13.6358
21.3371
16.2378
16.1226
18.1416
18.1696
15.0053
14.9588
12.9227
13.6887
21.0671
22.3588
13.5991
18.8378
18.4367
12.6222
12.7963
13.4851
14.8386
14.9637
12.5809
12.989
14.2095
19.6932
12.2587
13.059
17.0653
16.9922
12.7842
16.9936
17.8604
12.7912
12.7631
12.5143
13.1588
13.1036
19.6602
17.7774
18.224
18.1246
15.6985
13.2386
13.0249
18.2559
15.8134
12.251
20.8321
19.8731
19.5868
20.8616
12.4416
13.1705
17.0873
17.7936
18.5766
16.4037
14.4035
14.7195
13.0903
20.4144
16.4275
17.9243
12.8867
18.711
18.8423
13.3226
14.1515
20.2865
14.9399
18.5186
21.4737
20.0582
19.6445
18.2539
13.3075
14.8295
17.5927
24.4245
20.8601
18.6843
18.5626
12.6847
16.3103
18.0687
13.2936
13.6346
13.2928
12.8331
22.1395
12.7139
12.6854
12.4848
17.4027
12.6856
13.3691
13.2801
18.9535
19.698
12.696
13.6174
17.5615
13.123
14.8205
14.59
12.6373
18.9602
13.1835
12.5564
15.1761
12.4858
12.9627
15.3681
14.9436
19.3292
12.69
12.3868
22.7494
24.035
15.5429
14.3354
13.796
13.4888
16.271
15.3265
12.5192
12.4689
13.1286
13.2898
12.8866
12.7755
13.1586
12.4119
15.7695
12.8145
13.6567
12.55
13.3718
12.8906
22.8353
12.5151
13.231
15.6035
16.5715
14.7871
14.5356
17.9466
14.5217
22.2942
17.5618
20.5261
18.5357
21.5686
17.6213
18.6473
12.5503
12.4029
12.8011
13.3838
13.1613
18.1503
13.0349
16.5539
12.401
14.0746
13.1654
14.7802
13.9793
12.6745
21.0891
12.7391
13.6787
13.0027
12.8052
12.7799
12.8727
12.5821
14.4177
13.8846
19.2773
18.6749
12.6747
18.2328
13.3015
17.2632
13.9353
18.9629
12.6771
12.9268
13.0651
12.286
20.2578
13.6423
12.8292
15.811
12.7498
13.6697
18.845
19.9758
12.4162
18.7349
16.0052
17.2137
18.41
13.6409
13.9529
20.1038
21.4369
12.8609
25.2453
17.1057
16.3902
16.9922
13.7612
20.2709
15.4281
13.4599
16.4588
12.6157
14.4168
18.858
15.2188
18.4147
17.9115
12.897
12.3707
15.1778
15.744
21.8607
12.5891
12.572
12.8772
13.9842
18.4075
12.8243
12.9013
18.8205
12.6201
12.5958
23.0704
15.231
13.7613
19.3805
12.9713
12.4613
14.5796
13.5349
14.3659
16.0988
20.0708
13.815
14.3281
12.8186
15.4872
14.8803
16.9158
14.3069
15.6677
12.616
17.2121
19.0652
17.2598
15.3155
19.0152
21.5121
19.7106
18.3988
21.8105
14.6089
18.3582
12.3355
13.3443
15.0836
15.2405
13.6514
13.387
12.8778
17.1878
12.4702
12.4201
12.9586
20.5747
14.7956
21.6259
14.0802
16.1909
18.8022
16.0102
17.1814
12.5948
17.1465
17.8004
17.1364
12.9972
16.3261
18.3089
17.378
21.8679
23.6414
12.6069
19.1505
15.0168
19.4389
14.3799
17.9342
14.226
12.9035
12.7579
12.9062
16.2661
17.3521
18.3109
13.7852
12.9436
17.4767
18.6501
21.4765
16.1204
13.0791
26.2942
15.219
12.7654
19.9972
16.2764
12.9123
12.5967
16.973
12.9837
19.7068
18.0771
16.4124
12.605
13.5882
15.1339
19.0992
19.7225
15.6532
20.598
14.0659
21.395
12.8669
14.7828
14.5651
20.3646
14.1493
12.9342
16.6432
13.5
18.2447
15.1423
12.3791
19.2185
16.9817
15.4728
12.8084
15.0359
17.4696
14.7428
13.8559
12.3312
12.9834
13.0373
19.5303
17.599
12.881
13.748
18.5033
13.0527
21.5747
13.531
14.4636
16.1458
12.4589
17.0893
13.0665
19.2692
14.0712
12.4944
19.148
13.3416
13.2513
18.0972
19.5367
14.9255
16.8749
15.1655
15.9612
12.3911
12.6596
12.5163
13.0663
13.0166
14.8774
15.0746
16.3017
14.26
12.9534
13.0173
12.7772
13.2514
13.7349
18.7752
19.6147
20.0877
12.4343
13.6007
19.4929
18.6554
14.0109
15.2112
12.7491
16.5684
17.445
15.1297
21.0557
17.8157
17.1701
12.6657
13.5093
13.2976
16.6145
14.1017
16.5047
19.5207
19.5173
19.7498
18.3746
18.4681
12.1684
19.4258
13.112
17.287
17.7357
13.6257
12.6056
14.7449
15.1219
13.1395
12.6551
18.9675
12.9037
15.5866
20.0622
12.3735
12.6971
17.1386
13.1951
13.144
13.5899
15.2261
13.7459
14.319
17.0945
12.5837
14.8775
18.5446
17.237
17.9747
17.8215
12.8023
19.9064
13.0262
12.5422
12.4856
13.1495
19.5945
12.4175
19.2585
16.027
12.5769
12.8804
15.6881
20.9035
15.4615
13.3453
13.2749
18.2656
17.5978
16.9485
13.955
13.3512
17.675
18.9998
15.3828
15.5402
19.3018
20.7417
12.8827
18.1145
16.0494
14.8781
20.7633
20.8958
20.1102
13.7574
20.549
20.2982
13.1772
18.1434
17.8374
12.9145
17.9942
12.5477
15.5839
16.0626
12.7509
13.7018
20.3586
18.3681
14.9684
12.7183
17.6275
14.7355
13.7374
13.5895
15.5383
13.1892
15.247
15.223
13.1904
13.3422
14.7298
12.6911
14.7339
19.3097
15.4124
17.7419
19.4905
12.5306
19.1353
14.2445
25.4706
15.5573
14.595
14.1205
15.3237
14.4764
14.3074
12.5158
13.5277
12.4032
15.4911
17.0427
19.829
13.4488
14.0379
18.9021
15.0612
21.0821
19.9785
13.5736
15.1021
18.0207
12.3569
13.0592
12.9116
19.7926
14.3769
20.0585
18.4379
12.6898
12.5168
12.7523
13.4578
12.4196
12.7755
14.2995
17.7788
19.5373
15.4923
13.6805
16.6622
16.2666
15.0705
14.9216
15.1994
14.8706
14.0636
16.605
12.6448
17.9005
14.693
14.6418
12.4058
18.2851
14.2179
12.6591
16.6356
17.2111
21.3544
21.9359
14.1971
14.4859
12.9287
19.5821
14.1763
15.8981
18.9622
12.4219
13.5567
14.0262
23.9403
14.2169
13.7196
17.3633
12.8538
12.7436
12.373
13.6532
15.077
17.0932
15.4233
14.1021
13.7477
19.5685
13.0474
15.9118
19.1723
13.02
12.563
12.5161
20.6819
12.9858
12.4738
13.3126
20.6759
13.3119
18.9353
18.9948
18.4728
21.5183
18.7595
19.9398
18.9613
15.5029
18.8455
18.2203
13.6862
13.0037
12.906
12.7935
12.9493
13.5093
20.4303
15.3605
22.5265
17.3083
20.5398
15.7429
14.0825
14.0684
15.0865
22.2591
13.154
12.7091
12.6886
22.0883
20.3789
20.1794
13.1934
18.2066
18.4262
13.5429
17.9933
12.9005
17.0987
12.7631
14.9954
12.6359
15.2859
16.486
18.5673
20.4453
12.9338
13.6696
18.0541
14.3116
19.2628
13.1151
13.1461
14.787
15.5174
12.5234
21.1786
12.2832
12.551
14.5212
17.087
12.7518
18.8522
12.6055
12.5878
18.662
13.104
18.3248
12.4112
12.7584
13.0877
12.6679
17.1839
13.6855
20.9121
12.4684
15.5971
12.7388
20.6827
20.1664
12.9805
20.676
18.4904
15.7566
14.7315
13.8698
15.1535
19.538
18.4391
13.2825
12.8994
13.6454
15.7013
12.7103
13.4666
12.9666
12.8122
13.4183
12.4634
12.613
12.7827
12.6936
19.6786
12.63
21.5093
12.37
13.0418
14.232
18.0389
17.4787
19.0442
14.3876
18.769
18.0142
15.4313
13.5559
17.5502
19.425
14.4641
16.0796
12.412
14.7795
17.8207
14.6579
14.0477
13.3292
13.5876
12.8541
16.3014
14.5899
21.6406
15.3017
19.3442
14.4483
19.4508
15.2588
22.2991
23.8471
14.8989
20.2546
12.5214
18.5512
15.967
21.6946
14.7881
19.1661
14.7899
12.3562
12.5056
13.3394
20.1838
16.9433
12.6128
13.0637
14.5653
14.4716
13.8076
19.8655
12.8305
12.7675
12.7635
12.598
12.9947
18.6262
13.436
12.4772
19.6284
13.0799
12.5343
12.7981
14.1213
13.9645
16.1724
16.3385
13.3377
21.1222
17.0055
13.2619
20.0826
13.8491
19.7818
21.3067
18.8086
15.6805
12.3973
19.6791
20.1482
16.6451
16.5303
17.4195
12.3259
19.2979
18.8209
19.1852
12.5955
13.1254
13.9322
17.5123
19.3763
21.7801
13.8698
12.7417
14.2725
18.4532
20.9525
13.2121
13.9863
16.5767
12.5702
19.5659
14.7976
20.6741
17.4361
19.3212
19.7491
18.7355
18.701
15.2066
13.1789
17.5614
18.623
13.0609
17.5782
12.8797
21.6028
12.7864
20.5317
20.0859
13.0385
13.0052
13.7924
12.69
18.5586
14.9289
23.5811
13.5002
12.6539
13.5623
12.6695
20.7983
16.4163
15.0224
12.6074
17.0225
17.5081
12.4002
17.3789
17.2469
13.9401
17.7466
13.9997
18.8372
17.7537
16.1778
16.492
17.5266
12.6265
17.3009
13.9317
12.6842
21.5509
12.8217
16.3076
23.7544
19.2992
12.5177
20.1541
19.3779
15.5382
20.4287
12.8979
14.2783
12.2846
12.7721
17.4638
13.9053
17.7921
12.9176
19.5325
12.5734
12.5138
17.1353
19.1643
16.1069
21.5817
14.004
13.1738
16.957
19.4399
12.382
13.6851
13.5467
13.0419
12.6916
18.1314
13.5753
12.9028
16.837
17.6151
22.6905
12.2476
16.8056
16.7482
15.3568
16.4101
18.8565
13.8554
18.0942
21.1136
16.534
12.5049
14.7043
17.5887
13.9747
19.8248
20.2663
15.2309
13.8784
17.214
12.7867
16.388
13.868
20.0452
17.1759
16.4734
21.4023
17.4439
20.6819
12.4766
14.7509
13.8999
17.4271
14.2992
18.9176
12.7105
12.4758
17.7164
12.3443
12.8417
14.2585
16.5066
12.588
14.3368
21.0103
15.5363
15.3414
16.7028
14.8045
13.4531
12.5716
12.7457
15.7623
14.5377
18.6192
18.9173
13.3205
16.3901
12.6656
13.4666
19.2843
14.7135
12.4561
12.4236
15.5124
12.6517
12.494
12.622
15.3104
13.3163
15.8531
14.2917
18.1098
14.0071
12.3809
14.0709
12.7077
17.1557
12.9266
21.8738
16.9251
12.768
13.4599
18.2779
18.3144
12.4002
15.3543
13.6943
14.8589
14.9652
15.0145
16
22.1232
12.4969
21.3084
18.6298
18.7638
13.9249
22.4189
17.7857
13.1763
12.8806
15.1724
12.8613
17.9237
14.1357
18.8705
17.6283
16.9489
12.3985
18.4456
18.4022
14.0092
12.4606
16.0022
13.1137
12.8623
19.0822
14.1054
12.9462
15.9058
18.8006
13.5368
12.6702
17.8016
12.9566
12.9914
12.9875
12.5667
19.2159
15.6869
12.5042
12.6472
13.6566
16.8381
13.7025
14.1757
19.5015
16.542
16.9369
25.0581
16.9599
12.5193
14.53
13.4345
15.8794
15.7828
22.7297
19.513
18.4888
13.0003
19.8828
14.1744
15.2401
12.776
13.2076
13.4549
20.9502
15.6788
15.0443
18.5006
12.969
19.5492
15.4494
20.041
12.61
17.1726
13.6756
16.9556
17.599
18.4448
14.1857
13.1098
13.1927
13.385
13.2347
18.4346
12.7078
19.7042
14.2727
13.3283
13.2943
14.1905
20.9301
12.8872
14.0038
12.8892
12.8435
14.9701
16.0738
15.8039
16.435
13.0463
20.5775
13.9798
16.4651
17.1228
16.5795
12.6161
12.7127
16.0489
13.7467
19.241
20.7189
21.1023
14.8433
20.8114
18.6756
19.5902
16.7915
17.5801
16.7246
20.017
19.5636
12.3262
12.5872
12.4781
17.9556
19.6087
12.996
14.5932
14.6123
13.6663
12.8293
18.8321
18.8011
19.07
19.9254
17.9129
12.9367
13.3116
18.583
20.9437
13.8109
16.5868
18.5912
19.5456
19.5499
22.219
12.3819
12.61
13.9944
15.9484
12.6321
12.5932
16.2986
18.8622
16.6013
12.5187
17.928
13.2387
22.1499
14.8532
15.4675
18.0014
17.9451
13.6302
14.6827
14.7903
15.6414
13.8986
13.0317
18.4326
17.9772
21.5903
15.4053
12.8548
12.6995
12.612
19.6724
14.8847
16.8232
15.5445
13.1245
12.587
12.5543
15.5775
12.5607
18.2764
12.4692
18.673
12.3562
13.4482
17.3061
15.0747
15.936
14.7693
12.4499
12.7415
20.4073
18.2666
12.9073
15.6638
13.2653
12.3243
17.8273
18.4592
16.9234
15.3317
15.0998
17.6072
19.6365
19.5021
15.938
17.7839
17.4479
18.1183
19.1125
18.2115
19.0955
18.3092
14.6945
21.4726
14.8058
16.5456
14.2229
23.9076
14.353
13.4052
17.3138
14.6706
13.6988
12.7844
14.5037
15.3267
20.4352
13.2561
16.7381
12.7444
19.018
17.1503
15.4079
14.7001
16.759
13.591
17.3201
14.1065
12.6457
12.2696
12.5391
17.9108
15.3767
19.5049
15.507
13.3629
17.9784
15.2503
14.837
14.7188
19.5711
12.5011
16.0161
13.1393
18.3278
21.0789
20.9191
16.153
14.6188
18.1223
19.0427
12.613
15.4255
17.5049
12.6338
17.9496
14.5938
12.4205
18.5035
17.2026
26.967
18.3366
14.0298
19.2345
12.7745
15.7825
12.5472
14.9761
13.2994
13.1964
17.6772
16.945
18.8832
14.833
18.8823
17.4774
16.1568
17.6689
12.9793
19.0167
12.7867
12.6487
16.6522
16.5434
12.7337
12.6821
12.6819
12.2235
15.2045
14.8029
15.4496
14.9574
12.5753
13.4352
19.6876
12.8505
13.7153
12.7034
13.1275
13.2686
14.9068
12.8863
12.6312
17.8534
19.9902
17.1742
15.4416
18.2857
16.331
15.0474
12.7765
21.886
19.0637
16.9122
19.0022
12.6354
12.7736
15.0917
18.4716
19.0968
13.6751
17.1232
17.9111
16.3053
15.7964
19.3692
18.3345
14.0027
19.6812
19.5162
13.0916
18.9396
12.437
14.078
16.2931
14.0423
16.6373
14.1708
12.9046
14.4671
14.146
12.9826
13.1037
13.405
17.1842
18.0475
15.212
23.3891
17.9301
23.9109
13.0672
12.4414
20.7718
12.4728
17.2889
15.2068
12.8632
18.2907
18.1824
21.0609
14.3974
13.9398
20.2172
15.0534
14.1422
16.6181
13.1191
13.4045
13.7716
16.8769
15.1551
12.8286
13.082
20.4986
15.4516
19.4351
17.1644
13.7509
13.1602
14.2683
13.1514
13.2831
18.954
14.8225
12.3998
12.7505
15.6788
16.545
14.4809
14.1701
12.4831
13.232
17.2979
12.925
18.7613
12.8664
12.4873
12.5482
18.2632
15.3326
13.5395
12.6371
15.0983
23.782
19.0174
16.2388
13.0219
12.393
15.6354
13.89
14.8532
12.7156
27.1401
14.9158
14.7349
12.8482
14.5621
13.4607
12.7073
17.4542
13.5054
13.7032
12.9701
14.3737
14.0718
12.4197
16.9441
15.8207
12.8157
13.1736
13.2572
12.8119
13.1189
13.0116
16.7048
22.4246
12.9923
12.6031
12.4237
12.6568
19.6302
12.3385
13.1989
12.4262
12.7565
14.7605
13.2571
12.3927
12.4624
17.5069
16.998
13.0654
14.2325
12.464
12.9282
12.771
13.3256
12.7792
12.577
13.673
12.8022
12.5024
13.5585
14.7042
14.0817
20.5413
12.962
13.5165
12.8996
13.0069
14.5464
12.3856
12.255
12.9735
20.2459
13.4043
12.5321
13.3007
14.6029
12.7179
12.5421
15.1089
13.182
14.9063
13.0976
13.9213
12.539
12.6136
13.3478
13.3165
12.9922
12.8135
21.9015
12.7589
14.5398
13.6003
19.0589
13.915
12.7638
13.1048
12.2859
12.4384
12.6806
13.4579
12.2181
12.4916
16.3956
12.5902
12.7141
12.3422
17.0078
21.301
13.3614
16.0662
14.3331
18.9257
19.2409
13.464
15.308
13.0501
17.3089
12.4414
13.29
16.6403
12.7704
15.3907
16.4811
22.3269
14.1403
21.756
15.6377
13.4261
16.2303
13.7766
14.7582
13.763
12.413
14.9516
19.5725
18.733
20.6901
15.3689
14.4135
14.2402
13.0377
12.9576
12.9891
12.3882
18.8729
12.5259
13.1556
15.0839
19.8828
14.9802
17.2002
13.942
14.0424
20.0019
20.704
12.9048
18.9298
16.6938
18.2459
19.7415
19.4949
12.6026
12.8144
18.9146
21.9928
13.0819
15.4937
12.9906
15.4337
16.1245
17.1314
17.8385
16.0193
12.9538
17.0853
21.7202
17.5359
15.1468
17.5784
13.0306
12.5876
19.4095
13.3794
12.5664
12.668
17.7548
12.7333
12.865
15.8462
16.8665
12.403
12.8374
12.8109
15.7828
19.2285
12.8522
14.7104
19.2578
13.0599
12.9563
17.0507
12.6025
13.093
18.1769
13.2345
13.2024
15.6845
18.809
14.3715
17.2904
17.4436
14.6666
18.0115
18.4024
15.2246
18.7259
15.6922
21.2742
17.1425
17.2363
17.5355
13.3407
15.7121
18.8066
15.3886
18.6854
20.2714
20.9833
12.747
16.9545
13.0442
13.4932
16.0179
13.0293
13.0257
18.4911
13.9104
16.7505
15.4725
15.0011
15.1518
17.9324
12.8954
15.6236
15.2419
12.3919
15.4296
16.8789
12.9741
16.4901
16.2957
15.6463
23.599
17.1727
18.0647
18.6163
14.5572
13.8475
12.7807
13.2275
12.5448
12.9481
13.0795
17.0486
20.5084
14.8378
18.3577
17.3459
18.5168
15.6632
20.6709
18.3263
13.0007
16.7267
18.0778
17.6327
20.3317
19.1812
15.3974
17.8365
16.7916
12.5582
20.3638
14.8316
13.2594
15.5138
15.8882
14.6375
21.9656
15.7349
13.9585
14.9116
27.1629
12.9888
15.3269
13.9642
19.4167
15.1514
14.4727
12.6142
13.3087
12.4572
19.6714
12.6429
13.4911
12.5629
15.2411
20.9695
16.3033
20.7314
14.8696
16.0083
13.7756
19.3254
17.3495
17.0155
14.4445
13.1217
20.0439
18.4438
21.0764
12.5207
23.8766
18.764
20.8196
15.9981
12.6959
21.2447
17.2585
13.7579
14.5916
15.3547
18.3148
17.8863
12.7276
15.8993
12.9557
12.9951
18.9112
17.2397
12.8285
19.1004
15.551
14.3515
12.7919
13.1114
12.316
15.4457
15.4493
12.9378
12.8185
13.1333
18.7463
13.2726
16.0052
12.6104
18.3628
16.8883
12.8808
12.5197
12.9533
18.181
22.0124
18.5763
16.9426
15.6426
13.8872
14.6347
19.6968
22.3969
16.7045
18.688
21.0616
12.5841
12.3285
12.5005
16.8031
12.8244
14.1215
18.2562
16.4141
12.4339
12.4819
12.7539
12.6134
15.5873
16.1604
16.6418
18.7869
17.8487
21.4533
16.2395
21.9457
14.9332
17.9123
18.185
19.3427
14.8415
20.6983
21.1124
12.7519
13.2099
15.433
12.9992
13.3028
12.72
12.4837
16.6755
19.7635
16.1935
12.2931
12.9638
13.1108
14.3755
17.1973
13.1948
13.0104
21.18
16.9483
14.9097
17.8358
13.5945
12.0579
16.5879
20.0898
15.83
20.1186
18.5845
19.4693
14.9822
20.2802
21.6337
14.4671
13.0957
22.5042
14.3188
13.4713
17.9023
21.9604
20.7289
12.6035
12.9439
12.3601
16.5252
21.6079
19.5816
21.2829
14.888
21.0657
22.1411
18.8577
20.5629
19.1677
17.9352
17.465
12.7494
13.7871
12.5794
16.976
12.6555
18.0328
12.2363
12.4088
15.4844
12.45
16.5269
18.6098
18.8555
12.6017
13.0042
23.787
12.9309
16.9286
12.3461
13.356
13.8467
12.6176
17.2241
14.5446
15.3731
21.1477
21.1658
21.8863
12.6945
17.5843
16.7063
12.8662
16.7932
14.3059
13.7177
16.9419
12.4017
13.0935
19.1367
13.4207
12.8147
12.7218
13.0259
12.9209
18.7161
17.5837
14.1687
16.4557
15.8345
22.4507
17.2926
18.9561
15.8977
16.0054
21.8586
15.3038
16.5636
15.4939
12.5659
13.2089
18.0447
16.5438
20.0099
19.0885
17.4424
16.7367
16.1747
20.2528
12.699
12.4537
12.9158
15.4946
12.9046
15.0927
19.3417
16.3467
19.4162
14.6213
12.652
12.8254
13.1647
22.5732
15.3105
19.512
17.5024
13.3586
18.4528
20.3398
16.5252
16.4304
21.6074
12.593
19.2079
14.4669
15.8695
14.9323
15.0957
16.8452
14.9135
15.9556
20.0115
16.7175
13.143
12.8522
17.7749
20.2214
14.8753
20.4599
15.5052
18.7662
18.6052
20.93
18.6787
17.1903
19.1374
16.4161
14.6102
14.7957
22.1208
14.2202
16.4282
15.2663
12.3634
19.3605
15.1125
14.2824
20.9782
14.5748
18.4881
19.239
13.0858
15.8093
18.6015
14.8299
12.3513
15.8532
16.1213
17.0868
15.5065
22.1136
12.8077
21.6162
16.9485
15.6752
20.7909
15.3551
15.1025
15.7594
15.4582
20.7191
13.3521
15.4751
14.8691
24.0644
16.9236
16.8828
13.2331
12.3523
13.5194
12.3953
15.4773
13.25
15.4813
15.8712
16.7599
17.4618
18.9833
21.3029
16.6196
19.7247
20.8355
16.4344
17.3796
18.7477
12.8655
16.9686
12.7143
24.9917
19.7914
12.9424
18.3071
13.8052
18.7672
14.4311
12.9596
12.9925
12.9905
13.4013
14.3631
21.2638
16.1818
19.8358
17.7093
12.8685
12.8799
18.9532
12.6534
13.3206
12.8177
17.2184
15.32
17.0538
12.9648
15.6335
16.0277
12.5126
17.1006
16.1731
13.723
13.3245
13.6717
19.0564
14.2651
13.149
19.0463
17.2131
18.9517
18.2827
18.0806
14.3067
22.3488
17.378
17.5516
18.876
18.1645
12.5525
12.8163
15.2913
20.4586
19.7648
19.1696
14.4818
14.4327
14.8336
12.6582
13.2438
13.9076
21.7503
21.6887
13.41
17.1053
12.2793
13.4638
14.6986
15.412
12.9837
18.9715
12.3797
13.4627
12.7762
20.3916
16.0606
13.4583
12.4632
13.1242
19.9107
13.4769
14.3068
16.2495
23.7399
17.3042
16.9393
12.8451
12.7662
19.8671
18.9242
16.3893
16.8976
14.3176
14.0065
18.8502
15.3795
14.3997
15.0928
18.9667
15.1988
16.976
14.0993
16.6986
17.6345
19.2484
19.3919
19.0978
16.0851
20.8868
12.4564
18.986
16.6636
13.1494
19.6708
20.618
19.4791
18.2614
14.9538
12.7564
13.2917
17.9941
18.8617
15.02
12.2363
19.1853
12.6248
16.7442
20.2002
12.6914
12.9533
19.4555
18.9689
12.4923
13.597
13.5678
14.6368
16.6992
14.2904
18.1818
18.2606
12.9095
12.5767
16.6245
15.0551
15.3526
12.8021
13.0706
17.4276
14.1648
20.8911
13.7862
16.7239
16.805
16.7493
15.1542
15.983
12.9696
14.1131
14.5674
14.8649
20.004
16.0398
22.2832
15.1511
19.814
12.9263
13.1044
12.6425
12.8138
12.7545
29.0206
19.8295
14.6302
15.0902
13.581
25.8029
13.2443
12.7376
16.0302
18.0919
13.071
14.1602
12.7167
20.7074
12.5526
18.9954
17.6881
12.6002
15.1087
15.0486
20.3553
12.8297
14.2411
21.0657
12.6219
13.5543
19.8898
17.0763
12.7152
14.2317
25.1584
19.4902
14.4067
13.342
14.7342
18.4656
20.7861
16.6753
13.5275
15.6199
12.7512
13.2931
18.6996
15.0187
14.9624
13.1082
12.3323
12.8559
18.83
14.7834
18.0231
18.1727
18.529
16.2656
12.8224
18.7041
20.0303
13.2046
16.9357
14.1866
15.1384
13.2116
16.6839
12.8008
15.2644
15.3825
16.7199
12.5147
12.9556
17.332
14.2182
20.9577
18.8844
19.6504
14.7458
12.7624
13.6223
14.5365
13.1039
12.7884
17.9989
19.9622
13.0469
15.4904
13.5006
14.3629
13.245
13.1469
12.8604
18.5777
13.9275
16.0814
16.356
18.7471
18.2801
16.25
13.0779
14.8569
12.2792
15.5403
14.6306
15.1512
13.1251
14.1561
19.5517
16.2751
15.293
15.218
20.7962
19.7757
18.4185
17.451
18.429
12.4873
12.5619
21.7107
18.1974
12.7187
12.5305
14.7393
13.1402
12.5032
13.4451
13.0173
19.7836
19.6721
12.498
14.1725
12.7783
12.8734
18.3848
22.0372
15.9936
12.9501
16.9289
12.7578
17.2136
12.8869
20.1863
13.0986
12.8318
12.8605
12.4224
13.8442
12.7193
13.2287
13.2106
22.7828
13.4623
13.0851
13.0178
19.6047
12.6531
13.7271
12.5773
16.9302
12.9323
12.7749
12.9442
12.6868
19.4135
14.5067
14
20.0236
12.737
17.1767
19.0417
12.6399
13.0236
18.669
18.8834
14.9545
15.2934
15.9015
17.6161
13.4101
23.2378
18.9325
13.3965
12.5226
13.9037
17.3354
16.5422
12.6451
12.3898
12.267
14.221
20.2382
17.7151
19.5082
14.2188
16.0495
18.9887
22.0679
18.5352
13.3842
15.5563
20.5037
15.3168
13.0458
13.0472
19.0804
12.755
19.4805
19.7383
12.5014
13.4974
12.5487
17.3216
18.8666
13.9926
15.2792
15.6349
15.5396
15.0383
15.5635
17.8211
17.1662
23.1147
17.6998
13.7126
17.8928
18.2277
17.7574
18.5504
16.0154
18.733
20.114
14.2217
15.3053
19.1488
18.2682
15.7976
13.6085
12.7135
16.6796
18.8915
12.5315
14.5873
18.0508
19.8606
17.8151
17.5398
14.3358
14.5323
14.8068
15.5779
19.7849
14.3212
12.4294
12.838
19.43
12.5157
12.8611
13.5675
21.7064
17.3367
12.9245
20.4007
17.4971
16.3109
12.5048
21.7116
12.6648
20.0634
14.0696
22.325
14.286
13.0196
15.2465
12.5281
19.9984
12.5176
13.7753
14.0654
14.5179
15.0996
12.4336
16.1965
21.464
15.0972
13.029
20.7017
12.5988
18.2623
12.6492
14.5217
16.1896
12.6629
17.348
12.5367
17.9704
12.5613
12.5611
12.5936
13.1699
15.5295
12.7671
14.699
12.3607
12.5786
12.5536
12.4509
18.8826
13.7387
18.3362
18.2007
18.2334
17.8525
18.2269
12.5024
12.7954
17.2925
12.6976
12.4943
13.2834
12.5473
13.6392
20.0866
20.1807
17.8424
18.5302
12.8184
12.4154
21.7574
24.8923
13.4514
13.7385
12.7386
15.4998
13.9416
12.6413
12.6902
18.2121
13.4608
13.5992
14.2915
16.9655
15.5005
12.5072
26.123
14.2828
19.3367
14.6356
17.3536
14.7458
16.8233
14.3791
17.4799
13.1121
17.1233
15.6232
13.3626
14.4282
17.6731
13.7359
17.8396
18.7301
13.3325
18.9851
15.3251
12.6768
19.7256
17.7574
15.987
12.7976
17.0892
12.5099
12.6373
12.4272
19.5884
12.7088
21.1748
16.999
18.1093
19.4241
15.2251
14.0798
14.9957
20.4389
15.9216
14.0842
15.5813
14.0254
21.451
21.5996
13.9273
13.6444
13.4693
13.6458
16.9696
16.476
15.6218
17.4192
12.9428
15.7463
19.8166
25.4432
19.4676
12.6703
18.1918
19.323
30.541
12.6775
12.9335
19.5853
12.9506
13.6486
13.0185
18.004
12.3547
12.6349
13.0723
15.389
21.458
19.3737
15.9695
12.3027
14.9174
19.7497
13.1716
18.3098
17.1394
21.8402
13.9729
13.5762
17.1224
13.695
14.6186
18.8396
15.3266
20.7127
12.4618
13.5953
15.8527
15.9891
17.1626
14.9065
13.0605
15.2957
18.712
19.2482
18.449
19.0215
13.3254
14.6264
12.4767
13.6269
12.8485
18.6687
19.8358
19.8836
16.301
16.8966
12.8467
16.8399
14.1743
12.4912
14.4295
12.5833
20.9138
15.1722
12.3965
13.2604
21.1358
18.069
13.4129
15.8535
23.8889
13.1774
17.4872
12.5778
15.2616
16.3922
13.1061
12.8094
19.0048
13.0898
13.003
12.6989
14.6004
17.3125
18.4624
14.6487
12.6756
12.9709
13.1654
14.666
14.3481
17.9125
16.7584
17.0231
12.6444
13.0288
14.9856
14.4449
18.8394
14.4348
13.7501
12.8664
21.2017
12.5762
13.086
17.5764
19.6974
15.5551
18.9981
12.8149
18.0379
16.3029
18.1024
16.9014
12.892
16.1214
12.8853
12.6908
20.1703
13.8882
13.942
15.1192
15.6865
18.0788
17.2351
19.8986
13.1728
12.9296
12.8983
15.6256
13.0004
18.3877
17.285
19.152
21.5355
12.5714
13.9962
20.6401
14.2865
14.6531
15.2972
12.53
20.3212
15.0478
19.6375
12.6912
12.8721
13.3754
12.6041
18.5978
12.6376
16.0019
18.4122
21.0324
19.2862
13.3629
12.8398
16.2919
15.4882
19.4164
15.3247
14.5371
16.0614
14.5474
14.6457
12.8967
19.0039
15.3116
14.9922
21.9386
15.3067
14.8278
13.1342
12.7406
12.8618
12.7271
12.5918
12.6836
12.7456
22.1577
14.3
18.136
12.4946
13.5552
12.7634
12.9693
18.3012
12.6514
12.8989
12.913
12.7075
18.6217
12.4582
12.3953
12.884
12.608
13.1883
12.7126
13.2994
14.3798
12.8421
12.4391
21.5709
14.4866
15.3854
13.325
12.4775
12.3569
12.3977
12.624
12.6884
12.5685
12.6954
12.5509
17.9058
15.4725
19.4506
19.3673
21.0454
12.9295
14.225
21.4122
18.4393
19.4691
16.2542
12.6083
12.4912
22.0799
17.7349
12.5969
20.4887
14.3081
16.502
18.5434
18.1481
16.9896
15.1851
19.0973
13.3011
18.7101
12.3106
13.3171
14.349
18.1345
12.8102
13.5862
13.3385
20.5851
20.6317
17.9768
18.1317
17.1766
14.4167
16.3733
14.8682
14.8548
14.6689
14.0882
22.3316
14.0933
12.5369
13.397
12.7751
13.3116
12.7493
12.5976
15.5076
13.3022
17.5841
12.8008
13.291
15.4062
16.7421
17.7145
12.8618
12.5677
12.7793
13.7016
12.4218
16.3355
12.5608
14.4277
17.1889
17.522
20.8211
25.8946
17.7486
13.5284
17.2751
21.9498
12.9454
17.2767
19.4386
14.3439
21.8139
17.1638
19.2471
15.9373
13.562
12.6034
12.5726
16.4504
12.9968
17.07
12.3953
16.2714
14.4306
14.3587
20.9171
17.3673
13.4754
12.5521
20.6397
14.3876
15.0109
13.9251
20.4655
13.6641
12.6123
14.9255
13.4979
12.9661
16.9256
20.0702
12.4686
12.5158
15.1019
12.949
13.2746
18.6627
12.956
15.5694
19.5402
21.7453
20.9655
18.1812
13.2887
13.2412
12.6754
13.4156
12.8919
17.3598
12.8714
13.5914
13.1813
14.6329
12.3686
13.4633
19.6405
14.7094
15.2455
21.0773
19.3319
19.4288
12.3698
12.5763
18.9059
19.9905
12.4402
15.225
17.6756
22.3021
18.3355
21.2298
16.1335
19.7428
13.3984
14.6369
12.6262
12.548
20.7516
13.5411
17.0624
15.8073
18.3753
17.0845
15.6962
13.5073
19.6352
18.7934
13.9267
17.0278
15.7671
17.1259
17.3269
19.2272
14.5575
21.6413
12.7577
12.7335
15.0893
13.7587
18.0393
15.3825
12.323
16.0241
18.7087
13.3237
14.3561
12.9436
16.046
13.0441
13.3834
18.454
20.2425
20.0611
19.369
21.5902
28.9778
12.6376
12.5368
18.1929
15.7521
20.5825
16.6203
12.9717
20.0831
17.7519
15.1501
19.5063
17.0507
12.9504
13.0678
16.3612
21.281
14.3192
19.0814
15.2152
20.1617
12.8547
14.6328
22.4397
16.062
12.9773
19.5422
12.8316
12.6761
13.0706
12.5586
15.5134
17.9431
13.3449
17.0967
16.6274
18.2704
19.8276
14.6875
13.2279
13.0712
12.8877
21.3083
21.2618
22.2487
12.7998
14.0554
20.4821
15.1214
19.4439
13.0274
18.216
17.7979
14.1116
19.5731
19.9821
19.648
15.1428
18.4978
18.5374
18.835
14.2649
15.0854
17.3754
17.8516
15.671
14.983
12.6342
12.4097
12.3939
15.2991
12.9325
16.2301
13.6405
18.0367
12.6071
18.9949
18.4431
12.8052
18.4407
15.1487
14.2648
12.5769
16.7195
12.4239
12.945
18.66
19.1917
17.869
20.0168
15.5436
12.8608
14.3673
19.8329
14.6152
16.5814
13.6453
14.4233
13.2742
20.5249
12.6708
13.9715
16.2613
13.9452
20.1933
18.4894
13.4034
12.841
13.1024
12.6803
17.6462
14.8999
13.7273
13.5438
16.9437
12.4975
12.4928
15.0132
14.1182
18.3019
16.0336
17.7787
12.6013
18.6661
16.7757
16.749
16.5795
15.2853
14.7426
20.3688
14.0569
17.9402
18.3098
12.3655
12.761
21.9175
12.7125
12.3823
13.8971
21.7538
14.6422
13.3029
17.475
13.2459
12.5073
16.7332
12.9088
14.9982
15.8685
13.1069
12.3595
18.5457
17.639
22.0684
13.2886
12.5654
17.8232
18.6197
17.5907
17.6828
13.0447
14.1971
13.047
13.6395
13.1188
14.6122
13.0677
14.9725
12.9617
12.3341
12.5022
12.6532
13.3747
13.2158
15.5483
13.3455
12.4856
18.6148
14.9927
13.0803
12.6427
13.237
12.4926
17.0021
17.3861
13.3907
13.129
12.6714
17.189
18.4468
21.707
16.8061
14.9771
13.083
13.291
14.301
16.1528
12.113
18.1985
12.7398
16.2899
12.7129
16.3889
17.4323
16.9791
17.5853
12.7134
12.4696
14.9525
12.9171
15.5777
12.9192
13.0659
15.093
15.5537
17.6899
17.2298
21.6281
19.6275
19.7749
16.9455
18.914
13.6009
17.8618
15.5953
13.3566
23.8567
17.2606
19.4739
17.679
16.3022
16.8593
18.001
16.6765
19.9934
12.296
14.531
14.5158
14.1019
16.8712
12.5064
12.6194
12.861
13.2582
15.3471
19.9154
12.2959
17.3299
19.6535
12.7596
12.3826
12.831
19.2542
12.7183
12.9559
12.7464
20.195
15.1568
15.2531
14.1401
14.3109
20.6131
13.0104
12.4012
16.0779
19.1469
19.0275
19.5862
19.6642
14.3463
16.5191
15.0443
19.3281
22.1046
14.5522
21.9488
13.2655
19.5682
13.0775
14.0828
15.6096
16.314
17.0293
19.0907
18.7481
12.8605
17.0486
12.5798
22.4908
12.4691
12.5281
12.2581
13.0101
13.087
12.3343
14.6572
12.7393
17.9679
15.1915
12.8799
15.2949
16.6802
13.121
17.2227
14.472
14.165
16.7678
16.4254
15.2203
27.793
12.4788
13.2455
13.3448
17.0374
15.563
14.2176
15.2526
12.8099
14.6348
15.264
12.4628
18.447
15.268
15.6949
20.52
16.197
13.1592
13.9651
15.715
12.8567
13.6668
18.9871
12.9259
18.6098
14.6283
17.1582
12.9421
17.0345
15.6102
13.3683
16.6198
13.9556
15.2087
13.0486
15.4101
16.7289
21.4154
16.246
22.7563
13.8818
18.7116
13.1404
25.6681
20.1388
20.9502
13.434
15.6537
15.5473
13.0179
14.1057
17.7355
19.7145
13.6821
13.2207
12.8908
15.0096
19.3224
14.8398
22.0262
15.1968
13.5971
17.3664
20.8601
20.7207
15.1702
13.6234
15.1491
19.5481
18.7016
21.227
17.2679
15.3259
15.2353
12.3687
13.3447
14.5741
12.8336
16.564
13.5911
13.484
17.6965
19.3732
14.8776
14.74
19.2577
19.4705
15.313
18.376
12.7871
15.2777
12.8403
18.7266
13.5244
15.5256
12.865
18.5273
13.1063
12.7652
12.7238
19.2203
14.9194
14.4276
12.6815
24.42
14.1852
19.1105
15.3931
18.9254
12.5969
23.3228
20.1474
18.5079
19.3418
17.2584
16.3726
17.2123
13.2922
24.2145
12.9492
12.4315
12.8905
25.9863
14.2332
12.7064
22.6582
19.666
21.1166
14.4768
15.7775
12.8886
16.296
15.7202
15.2244
13.6433
18.8491
14.5596
13.1044
18.9534
19.7534
20.2587
22.0211
18.628
18.8612
16.3304
18.929
21.9609
14.1343
16.8127
16.208
15.6727
20.6643
13.2791
19.1662
16.7016
16.3562
17.7817
12.9622
15.3016
15.6519
13.3015
12.8185
12.5796
12.681
14.6292
12.4755
16.6857
15.4092
15.8571
17.8152
12.9661
16.0962
18.8659
14.8371
14.8894
15.2059
19.8269
16.8033
14.3086
22.032
12.8798
14.5848
12.7961
12.2547
19.6884
14.859
16.4546
12.4495
12.5761
15.8711
15.6821
14.6556
15.865
12.6167
14.4514
16.8744
16.7177
17.7527
12.9246
13.8599
13.283
14.5546
12.8961
12.8753
12.5406
13.2782
12.8453
17.3958
12.512
16.1104
12.737
18.8003
17.4766
13.221
17.7024
18.3083
19.7191
16.4625
12.4499
15.9068
13.2652
16.0535
12.4962
15.1978
16.3282
14.8653
18.1272
19.3923
15.6971
18.3526
15.9657
16.1514
18.467
20.3528
13.3582
15.7827
19.3647
18.7913
15.8858
19.6509
13.8462
12.8534
15.8297
13.0259
12.7461
15.704
21.4284
19.4229
20.8266
12.9325
19.8512
12.8333
18.423
17.1142
14.4777
14.8639
14.9467
14.4722
14.6187
14.8138
14.3853
14.5528
21.5937
15.3904
18.7887
14.2512
17.7566
15.9015
14.5251
15.8909
20.2229
14.2909
18.169
12.8008
13.2879
15.3081
16.0952
17.6447
16.424
15.9841
16.4242
14.9237
18.7382
17.4941
13.4825
19.5057
13.9781
17.307
18.8786
15.2613
14.9175
18.6076
12.6836
14.1541
14.8295
12.4001
12.8694
13.767
12.4046
18.558
19.3867
17.5614
12.7883
16.9117
14.3954
12.9484
18.1237
12.5909
15.7236
13.0764
13.0924
12.8864
12.3334
17.8829
15.9085
13.2292
14.8179
12.8828
16.3703
17.7014
12.633
13.3044
15.8365
17.4261
14.7136
14.0588
12.4946
17.4898
12.9272
14.4371
20.722
18.9483
12.5474
12.6932
18.2029
17.6692
14.7746
12.8907
15.0042
20.3183
18.3012
13.4949
12.9375
19.2002
14.3885
15.1318
17.8475
21.1058
18.8853
15.7175
18.8588
15.1376
16.7609
12.6721
18.0795
13.0917
17.0222
12.4836
12.8376
17.0837
12.7817
12.4814
20.9578
20.843
23.0343
13.3789
20.1537
18.9433
20.2313
18.5443
12.8498
17.6378
13.3867
25.0274
12.9494
14.3065
13.4174
23.3207
12.6835
15.1118
17.8696
12.5781
14.4371
19.6788
20.6306
13.4113
18.5249
17.1466
19.1954
15.2786
12.473
12.9536
14.7816
14.9328
24.0826
15.2096
13.558
17.3383
21.3917
17.2277
12.9579
16.1799
14.8227
17.8252
18.8553
12.9024
13.4247
17.098
16.267
13.3991
16.1417
17.5222
17.1212
12.6995
13.2952
12.5968
13.0896
14.5513
13.8024
21.4086
15.1365
19.6283
13.4615
12.2962
12.7544
12.9805
13.3092
15.6928
12.4565
12.4635
18.7486
12.6829
14.1408
19.7214
14.9873
22.0096
12.3962
15.9617
21.2037
20.1971
12.4292
18.1463
20.221
13.3519
18.9414
17.1302
15.426
14.3013
17.0507
12.4691
12.739
13.8445
18.3556
18.0623
16.798
12.6937
12.6074
13.0689
15.3148
23.7017
17.3326
12.7093
12.4739
19.0899
15.3908
15.518
17.9348
14.9941
13.3014
12.6528
13.24
13.2209
16.821
19.8175
18.4097
12.6852
18.0462
20.7802
12.3748
12.8134
12.8861
12.5778
12.6316
12.9204
14.7232
13.8571
12.9913
22.0276
20.6729
16.3652
12.6767
12.4894
13.5677
12.7624
12.6694
19.7032
19.8651
14.8105
14.6504
22.3384
13.3372
16.0464
18.1833
15.3499
20.3202
13.9733
14.6562
14.0968
17.0582
12.4299
13.2926
16.7662
12.5113
12.5647
18.0105
18.1102
17.2202
17.4476
12.4584
12.9229
12.7214
19.0337
15.1548
15.157
12.8439
17.6012
17.9559
15.5831
14.3547
19.0683
12.972
20.7298
12.7734
17.3436
12.6172
19.0398
14.5971
17.5164
20.4753
22.0144
20.142
14.6504
13.378
14.1826
17.5093
21.2892
19.3568
17.6226
13.3116
19.4325
19.7068
16.8066
20.5508
16.3146
15.3262
14.9329
19.396
20.7754
13.0789
16.6086
23.8596
22.1814
14.8154
13.4648
13.054
13.7937
18.066
12.9809
19.3816
12.8759
18.1375
12.3406
17.0716
13.2685
15.5294
12.7243
15.4183
22.4407
12.9167
13.4375
13.0877
14.2646
28.0917
14.585
15.438
15.1045
15.2346
20.4396
12.3671
18.8419
12.9054
17.9489
16.5833
14.3031
17.6972
12.6505
16.3845
17.3519
20.4824
22.1731
16.5076
22.5465
18.7362
12.9354
28.401
19.7387
16.6803
14.2479
13.6402
12.4086
21.9644
20.4504
19.8628
14.7658
20.2131
17.3856
16.9358
12.4663
13.184
13.0928
12.7827
16.3413
20.2179
17.9823
19.9538
14.8502
19.1514
14.8035
13.3663
19.8548
13.678
12.797
12.6795
12.959
12.4872
12.3223
12.443
12.7922
18.9749
12.7384
12.5109
14.6344
12.7773
18.4237
23.8691
21.2885
13.7379
20.0346
19.425
17.9989
12.6853
17.1635
12.3304
12.439
12.9177
12.6427
19.8297
12.7559
19.1622
20.1083
12.9295
12.6226
14.1133
12.7342
15.7905
13.1738
13.2914
17.378
20.5447
12.9001
15.3123
12.5685
18.8011
20.9569
14.8629
12.8137
13.0553
12.7172
20.2778
21.5869
12.3982
12.6085
15.1682
17.7418
13.1212
16.1504
12.49
12.4785
15.2583
12.8104
14.5241
18.0522
14.3262
12.2291
12.3529
18.5168
20.6022
18.9435
18.8205
13.4822
17.0146
17.5484
13.8496
17.0934
15.9746
17.2088
18.7468
17.2231
12.2231
12.2711
20.0978
14.7708
19.6494
14.1141
13.3683
22.872
14.7109
18.8172
12.8585
14.9865
13.0243
15.3315
14.9173
18.6259
13.1232
17.9165
14.0738
12.9495
13.4181
13.9248
15.2174
12.5309
18.2914
12.7809
17.9744
14.0935
18.0033
17.631
13.4992
16.5348
14.0919
12.699
17.075
13.5465
12.998
12.6274
17.913
17.6837
14.965
15.2088
17.5385
17.9054
14.3124
15.7284
19.7666
22.2746
12.9828
13.0155
18.3657
14.994
12.9794
13.9377
15.6643
19.6797
18.391
13.5313
17.2878
16.862
18.6768
14.5077
12.5006
16.7336
19.7453
19.4733
14.4595
14.6716
17.6733
12.473
13.0882
14.9986
14.6585
13.2659
13.246
12.3367
12.5496
18.4457
13.8635
15.0962
12.5486
12.7556
17.3092
12.6001
15.4586
17.9639
12.478
12.5934
12.4848
12.7484
18.7275
12.3717
18.8889
14.3148
24.9993
18.3212
18.8218
16.0999
14.9306
18.2473
17.8533
12.5056
16.4439
19.3104
16.9974
15.1822
20.1816
19.1411
13.2026
16.457
18.3553
12.5697
13.0112
12.5065
18.5235
19.7621
15.2116
21.5893
14.8626
16.5382
20.3416
21.2886
24.8224
12.4715
15.0845
15.2432
12.4695
18.0855
14.213
12.6959
20.0963
19.1425
13.5063
17.6086
12.4521
14.8527
12.8509
15.5928
12.8111
18.5126
12.4546
12.802
12.5525
12.5627
14.2162
12.7704
12.842
18.385
18.5269
18.1453
16.0792
12.7275
12.7686
14.9036
18.9668
12.7004
14.8833
14.0546
17.0843
12.3477
13.9181
13.5262
12.1658
18.12
16.078
14.4195
15.158
13.733
23.6469
12.4726
12.4293
27.9134
13.9655
20.5936
16.3545
19.1344
17.5192
13.0052
20.05
15.2253
17.2493
18.4967
17.261
20.567
14.3111
19.0923
15.3072
13.2538
13.5895
17.7105
19.4864
18.2013
19.2533
13.9281
13.1523
12.3316
15.7334
12.7361
13.1848
12.7517
17.6546
13.4155
15.9235
14.61
21.5868
18.7772
20.4034
18.4217
16.9509
14.6359
20.9282
14.0865
19.9586
14.0678
18.6102
12.503
16.7737
12.2467
12.4566
12.5372
13.2608
16.6776
14.8211
13.2036
17.1427
16.0733
13.6286
12.4116
18.4644
16.0785
13.1504
17.7923
12.4852
13.6598
15.7911
12.453
18.6152
16.4895
12.615
21.229
15.2941
17.2077
15.8447
20.9619
21.242
13.3901
17.6604
18.2476
24.5147
13.097
13.3254
19.5068
21.5537
13.4881
13.2131
13.2337
13.1678
18.7598
16.6907
16.6174
17.7219
22.6481
14.2743
12.9297
13.1039
12.9841
12.8756
13.0476
16.6232
14.8558
15.6883
13.1976
15.8487
16.3544
14.8199
18.7814
13.4153
19.6691
12.9626
12.5792
15.895
12.8945
16.6254
19.078
14.7761
15.926
13.1447
12.9155
15.3032
19.1721
22.7859
13.5845
12.8603
13.4557
18.8271
17.7556
16.0397
16.5862
12.8946
19.3317
12.4054
18.3583
15.4061
12.9365
14.6047
13.7349
18.1187
15.3296
13.0414
15.0946
14.757
12.7682
18.5877
15.4913
16.0733
12.9168
18.3086
12.3766
13.0559
12.5914
12.2761
12.6923
21.87
13.3845
17.4457
15.6121
18.0199
13.382
13.1403
16.2035
17.3822
16.1367
19.4464
15.4594
14.8943
17.6222
20.7318
15.1047
13.0417
15.3933
15.9923
13.2878
15.3671
18.7875
12.9096
15.5779
12.6677
16.1942
17.9262
16.7993
12.878
14.4705
13.8884
15.0929
17.1917
12.637
17.3279
12.8378
15.9954
12.4032
12.6785
17.2467
17.6699
19.3238
19.2148
22.4511
14.3051
14.4036
12.8228
15.3789
12.6434
13.3296
12.5038
19.7608
20.235
15.0446
12.4342
18.327
12.7395
20.206
13.2156
19.7938
19.6587
21.5623
12.8371
18.9878
14.6251
21.4169
13.078
12.6903
13.2277
14.6798
17.9354
15.1814
14.033
16.1177
18.7384
12.6687
17.0566
20.521
15.259
13.885
13.5965
19.2738
17.4478
12.9669
12.4487
17.0343
14.6163
12.6857
19.7591
20.0777
12.7306
18.3008
17.8764
21.7035
14.964
14.4037
15.7017
12.7663
13.6805
12.7884
13.5881
12.8228
21.4517
17.3133
26.1446
16.6834
19.918
14.4868
18.8943
14.7055
12.8253
18.0261
27.3394
16.9036
23.2969
16.3521
19.9642
15.8086
18.6909
12.6725
21.3061
12.5902
13.3213
16.7245
18.6223
19.0788
18.5367
14.5416
14.6839
15.1363
18.9191
20.0643
18.9136
14.6468
13.5926
18.5987
13.4734
16.502
12.6215
12.9031
20.0884
16.8012
19.3905
16.7259
16.4218
12.5692
18.7885
16.1604
15.4293
17.5222
15.8547
15.5871
12.9795
16.331
14.3297
16.3631
13.7835
13.0158
13.0709
14.9883
12.4923
13.2066
12.4607
13.7427
14.7533
19.4942
12.3713
14.891
18.3343
16.3053
12.484
16.2736
19.1801
16.1124
15.828
17.3194
16.0005
12.911
13.1391
17.4164
12.4253
12.8366
13.7214
12.4108
12.6221
12.5521
12.8099
13.4393
12.5778
13.2218
16.1658
12.6515
12.9842
12.7011
12.6601
14.7708
16.4136
16.6876
12.984
13.2187
12.6494
17.787
13.0907
16.4476
12.3497
13.0737
13.7128
20.0476
12.8266
13.9552
14.352
12.6786
18.9012
14.0495
13.5854
12.9497
13.2063
19.1766
12.9286
16.1676
17.82
18.1925
20.2427
12.658
14.5867
15.2303
19.4395
13.0009
13.1783
13.7233
19.1193
19.5669
19.9181
14.214
19.1635
12.3072
20.7466
19.5248
13.7995
19.3445
12.7407
12.6421
15.4071
18.0222
13.6654
19.2841
12.5286
19.1438
13.9625
14.9588
16.8016
16.8537
13.0251
12.4914
12.2764
27.8344
17.2344
18.128
20.3525
17.6885
14.2987
13.8202
16.3285
15.4476
15.0241
16.8723
13.0755
15.9771
17.3139
19.5876
18.959
15.9221
23.0213
16.5414
18.3111
20.8661
15.8021
13.2011
12.5617
17.1828
15.803
14.094
13.6226
17.476
16.7785
14.6993
17.6463
13.9849
20.462
15.4892
27.8379
22.9747
15.4135
14.8321
12.63
18.3415
15.9675
12.9663
15.3839
12.7495
19.4758
12.6157
19.7219
16.327
20.7726
20.8039
18.6285
19.4986
17.7212
16.1955
17.4966
19.5244
12.4465
17.1373
19.574
19.5363
17.9753
15.5951
18.5897
16.5626
16.6643
17.6396
17.0026
13.0595
12.7888
13.8846
12.9385
15.4728
12.8892
13.5397
15.7284
12.9043
13.0492
14.5978
15.1741
13.0804
20.5517
14.8395
12.4567
17.886
12.3102
13.5457
12.6383
12.6317
17.2543
13.3905
18.6083
12.9475
20.0692
17.7628
15.9802
18.2577
18.8172
13.9873
19.0548
13.106
15.7499
14.6733
15.6651
13.4695
14.3348
14.0356
16.7775
13.4731
19.0324
12.7336
16.1121
17.3436
14.3175
12.1448
12.4527
15.9088
17.3893
15.9845
15.3147
16.2966
17.5516
12.3376
18.6832
16.4075
16.3456
12.5432
15.8232
18.0516
12.6257
12.3988
13.1401
14.3798
13.7312
14.6569
14.6229
15.853
23.5844
14.7763
19.2417
15.1975
17.3321
12.4025
22.7389
13.8392
12.4566
12.6514
12.8434
17.0354
18.7858
18.5505
14.9354
16.7477
14.5513
12.6784
16.5115
22.2569
12.9467
12.8263
12.8054
13.2478
12.6214
12.5292
12.5274
13.1281
12.4621
12.7537
14.1864
15.4074
14.5683
21.5757
14.817
13.0899
14.6926
24.06
17.7115
16.3698
13.0988
13.4007
17.3721
18.2768
13.2771
13.3409
16.1257
17.2616
14.0332
21.683
18.1908
21.3045
18.455
22.6076
19.4323
12.4525
15.1348
12.7697
20.104
12.4749
13.349
16.6216
12.6937
15.0493
15.1941
12.7595
16.605
19.496
17.4567
20.2598
13.1373
21.9528
15.474
16.76
20.512
17.7915
20.4397
18.5652
13.0463
16.544
16.971
13.6303
14.3696
15.8736
12.5772
19.0756
12.6449
13.1804
12.9675
13.9608
24.465
15.0934
13.3213
18.6408
12.8494
18.5645
17.2707
12.8104
14.9447
18.8352
15.448
23.3939
17.3363
13.0132
16.376
19.4994
13.0842
16.6028
20.1285
13.1946
16.5468
14.5637
15.1908
14.9146
20.9075
12.4227
15.3117
15.8771
14.4355
16.6959
13.2066
19.1256
15.197
13.5431
12.7689
12.7382
18.3314
17.055
16.4418
16.6529
17.4494
13.1439
12.7199
13.3026
12.7001
12.3815
12.7067
13.0258
15.5509
18.7759
18.7041
12.526
12.4476
13.3843
12.3811
13.8209
14.7462
13.221
12.7827
16.103
14.6027
12.5231
13.5839
14.0241
13.1869
18.2035
14.9235
12.5977
12.4018
12.6239
12.8138
21.1672
12.5803
13.1798
18.2683
20.3689
13.063
12.7493
13.4143
13.0258
17.6787
19.5269
13.9172
12.4889
12.9316
12.8184
14.9277
14.146
17.3801
13.843
15.2067
14.9656
12.7427
13.141
18.507
17.7061
18.6369
21.9284
26.6822
13.0577
16.6104
18.0663
15.9754
13.1193
15.8783
12.5904
13.2019
20.2998
19.0091
18.2334
13.0722
12.9603
12.5169
12.9468
14.7868
13.1738
17.624
15.1136
17.3373
13.7731
13.0211
12.9618
16.6961
17.6622
12.5842
12.4584
16.3587
12.8821
12.8644
17.9353
19.5491
14.7094
17.2737
18.9219
12.5339
12.4317
12.89
12.9408
13.5546
13.7173
13.5365
12.7885
13.8147
12.5722
12.6668
18.7893
20.2388
13.2672
12.5469
17.3405
12.4029
13.8673
17.9861
12.8825
12.5284
15.1977
13.2118
16.0045
14.2673
16.3606
12.7423
12.6699
12.9632
17.1896
20.5683
20.5192
15.2911
16.1908
12.8208
14.3891
18.925
18.9652
14.3045
13.8714
18.573
16.3705
15.1762
12.7252
14.7608
20.0204
16.9867
21.0504
18.1063
16.7356
15.1556
19.9226
15.0865
18.2093
14.2113
12.5498
14.0819
18.9912
14.7277
20.812
14.4171
18.3439
19.4604
14.7581
19.2048
14.6933
14.9126
13.7937
19.3025
14.8356
13.4815
19.9714
18.926
13.3585
12.4286
15.2086
12.6773
19.6579
14.7255
17.4271
18.4748
21.48
16.7397
17.3852
13.5355
14.2074
17.3665
21.7083
12.45
14.1712
13.0644
13.0228
22.467
13.3566
14.4523
12.876
17.8573
13.3365
14.6781
12.8487
13.2589
17.4104
15.0355
17.3621
18.4666
13.3388
12.6549
12.6456
14.4457
19.3594
23.0567
18.8976
19.5606
13.4974
14.4003
18.2474
21.5053
16.5616
17.7313
15.8558
18.484
12.3113
17.7887
16.6717
17.3382
13.5938
20.1035
14.679
16.1369
19.1938
17.1002
16.6275
17.3571
12.5141
12.5914
17.7811
12.3785
12.3388
25.8164
12.62
18.3786
19.4488
14.5723
13.721
13.0553
13.4945
18.9567
20.4341
16.9991
13.6211
16.5991
12.6198
13.2366
15.5651
14.3005
18.6734
18.1057
14.1449
16.9803
20.7527
12.9673
17.1889
14.1659
12.523
13.0238
12.3382
14.1389
17.9098
16.8445
18.7139
20.3741
12.983
12.5733
13.6322
14.4491
14.2133
13.2092
13.4501
12.6765
12.4354
13.2702
12.9545
12.3408
13.081
15.468
15.7769
18.7014
17.9823
14.5075
16.211
15.7012
14.852
13.0719
17.4602
17.6363
15.6419
14.5862
12.8742
13.5747
12.8522
16.6614
12.6256
15.2887
15.126
19.96
19.9067
21.8211
17.9981
15.0967
18.5726
14.8779
19.2193
16.3697
15.372
14.6269
13.0721
13.5787
19.9912
13.512
14.5711
17.4755
17.5322
12.8611
20.4378
12.6332
22.1138
13.1588
13.6616
18.716
14.6911
16.3784
12.6265
20.0571
14.16
17.335
12.5943
17.5302
14.0142
16.069
14.7378
19.2467
13.1739
15.6784
12.4754
16.5809
16.9202
13.0407
15.3158
12.4639
20.8098
14.0376
14.7481
12.4921
18.9897
19.9248
18.8924
14.2844
19.6112
14.8126
17.8006
12.6077
12.951
12.3032
12.2853
12.308
12.3636
12.4631
13.044
12.6708
19.8468
16.5968
14.8174
16.2168
17.4931
17.9521
21.0855
13.1556
12.3494
21.1796
12.7998
18.8084
19.9487
12.9408
12.4307
19.5424
14.0667
14.2304
14.7354
15.1849
12.8222
13.7798
16.2119
19.0629
12.3809
12.4516
18.7874
12.744
21.3966
16.708
18.1956
19.3161
17.302
12.5549
17.6643
12.8063
18.0899
17.304
13.8086
17.0633
14.4236
14.3628
19.4152
13.0821
16.8685
13.2231
17.9528
13.1868
13.1063
12.6491
12.9513
17.4506
12.7358
16.9456
12.2793
12.3115
13.3337
14.8831
14.7305
13.122
14.3303
12.6621
14.8837
18.5214
14.8246
13.5007
12.4759
16.3801
12.3268
16.7253
18.7851
19.8486
17.5326
19.3002
18.0808
14.967
13.145
14.5635
17.4597
19.5273
17.9466
13.7931
12.39
14.9899
20.1513
16.0551
14.675
14.412
14.5601
19.3836
24.0328
12.3201
14.7406
12.7727
13.1152
13.1483
15.8388
12.993
15.4248
18.6145
15.6673
20.9304
16.8716
14.8936
12.4268
16.6609
18.9035
18.6331
12.9223
13.0363
12.2822
12.384
17.2194
15.7829
13.5176
12.4049
16.9463
16.9216
15.0919
13.768
14.8597
13.2127
14.4892
13.3843
12.4042
13.4752
13.2157
16.0693
15.1137
16.0243
14.6828
13.1337
13.1214
12.4482
17.3903
14.7848
21.5934
13.2786
13.087
12.2885
16.5952
13.4852
13.9074
14.9953
13.8857
18.8434
15.6601
14.432
17.5678
13.2734
15.796
14.2654
19.6255
18.5986
13.1678
14.8753
18.8802
19.061
16.7126
17.6062
13.2071
17.0829
14.849
15.0428
14.1855
13.3367
22.481
17.6577
17.8871
19.0299
13.8326
17.2969
16.0576
13.2845
17.8816
12.9213
13.1553
13.1998
12.5038
12.7022
12.316
12.267
12.582
13.2568
13.1882
13.0117
13.086
13.3804
13.3926
13.0457
12.7937
12.762
12.6102
14.8465
12.5432
12.4719
12.3047
12.3758
12.7011
12.3913
13.3757
12.4042
12.4217
15.5732
12.9087
12.4651
13.0633
13.1427
12.8931
12.6802
15.2015
12.7361
12.7078
13.9739
13.0323
12.3379
14.3378
19.1117
16.3861
15.5964
13.1585
16.6983
21.4331
21.3253
18.1528
25.4315
17.4596
12.7704
13.8211
12.6329
16.1959
20.1277
17.3413
17.9007
14.2048
12.6105
18.2222
12.8513
12.5412
12.7941
17.5418
14.9149
13.1845
12.8307
12.5223
16.6569
12.6862
16.3777
14.1355
12.8756
18.8365
15.1647
12.5033
12.5708
16.4637
19.707
13.2081
17.9802
16.4732
18.0443
14.6016
14.0222
13.8012
13.0763
16.1192
12.4886
13.4228
12.9448
18.7829
14.6653
13.4373
12.4714
12.547
15.9295
12.8735
12.6858
16.1594
12.9934
18.3356
14.3767
12.9852
20.38
17.8325
12.392
14.2738
14.563
18.0354
16.7469
13.4182
21.3953
15.3598
15.0251
12.6808
15.5375
12.4229
17.7844
12.4958
12.3752
12.2684
12.2394
12.3259
12.5713
13.3138
13.2179
13.353
13.1791
12.8387
12.9532
12.6749
13.0181
12.7515
12.9366
13.4341
12.4423
12.7996
13
12.4523
14.0449
12.6973
12.6731
12.5925
13.0588
13.8122
12.8117
12.3575
12.6999
12.3831
12.8843
12.4367
14.4917
12.7207
14.9431
13.0473
14.9019
14.8137
21.3464
18.0854
16.6201
16.6951
12.5111
13.1614
14.2151
13.6567
13.7406
12.3759
12.3193
13.1411
12.7576
19.9777
12.5652
13.0338
22.8846
14.9552
23.1964
24.5288
19.1741
20.948
23.8433
12.8915
13.072
19.3661
18.1063
18.1428
15.6039
12.9658
18.3321
16.2231
12.3803
25.3658
17.9549
12.3184
17.2336
25.4403
21.0696
12.911
18.0788
12.5975
22.1807
12.9754
17.7692
18.5881
12.6014
19.8833
14.8108
15.5137
17.1606
14.7893
14.7665
12.9506
12.9478
14.5189
13.04
12.6191
13.8807
14.0629
12.7029
18.7368
27.0635
19.6706
12.5768
13.1516
14.7566
12.4066
12.4902
12.977
18.7926
15.5237
20.1142
13.5681
13.9647
17.5086
20.1262
14.7895
12.3002
12.908
19.4921
19.306
20.2825
19.8002
13.0842
14.9746
13.3297
13.4727
12.6519
20.9593
14.2283
18.3311
17.5201
15.2784
17.1719
15.4539
16.2
16.2932
13.0488
12.5662
22.7357
15.5471
20.5271
14.9049
16.7728
13.534
12.2675
19.4066
16.304
12.5456
15.5248
15.1214
14.2921
13.8373
18.0586
14.7561
13.4477
12.6887
15.296
12.9671
12.9844
12.4096
13.2104
14.5696
13.4756
12.6921
12.2897
12.8441
17.2827
12.5428
18.1321
13.942
14.579
12.4518
18.8699
12.3711
20.3158
12.8358
18.6036
13.0935
13.2631
12.7818
18.1132
12.6599
18.6649
13.9621
12.4492
12.7504
13.206
17.8107
16.8651
21.0773
17.1431
12.598
12.8086
12.3195
16.1685
12.6286
18.6159
18.1105
14.5013
14.2893
14.8923
14.5613
20.0835
14.2612
16.3083
15.0289
12.6794
17.9345
19.5717
18.7206
17.2358
19.1172
19.3259
14.2186
18.918
19.3708
12.4739
19.309
23.4687
12.9247
13.5195
22.4577
13.0182
14.7764
14.9903
22.2945
14.0722
12.5277
20.7289
18.5589
16.3896
13.8566
15.4481
18.8729
18.3745
18.5528
14.6071
13.9679
12.9338
18.0795
15.9959
16.162
12.6831
13.1322
21.3883
14.8866
12.932
13.0451
16.3374
15.0273
15.6244
24.0803
12.7855
17.7444
14.2418
16.9118
14.5893
12.6852
12.9731
14.393
12.4947
15.1847
17.7778
15.4434
13.4292
12.5971
13.4223
12.5864
18.2451
13.2264
22.9911
12.7715
16.1186
19.1031
14.1207
13.3321
12.7591
13.0677
16.9915
12.552
12.7797
13.2006
12.4692
12.5289
13.4403
12.6765
13.1201
12.5554
12.6578
14.6633
13.2335
20.2898
13.9075
16.0794
15.4229
18.4474
14.1319
16.6467
13.7363
17.8116
15.3849
17.3684
18.3337
17.4823
14.6262
13.0779
15.7125
12.7114
13.2216
17.4123
15.4104
18.3076
19.7535
12.629
19.3559
12.8374
12.7042
13.4382
24.4272
12.7646
13.363
23.2308
16.5198
19.2765
21.2455
12.6612
12.814
18.5057
12.8815
12.4346
13.1353
13.0967
12.4727
13.6508
12.9083
13.0871
14.7747
12.4725
12.4709
12.7998
14.1157
12.6548
15.4571
12.9055
13.3164
16.439
13.3917
13.0874
13.7104
13.1512
14.9035
12.9926
12.6123
15.8708
12.9375
14.7727
12.3961
13.05
12.4667
14.5899
12.9371
16.0993
14.9657
17.9167
15.7496
12.3377
12.8463
15.8951
26.1777
20.1096
16.2245
14.5164
14.5761
12.4881
12.5132
12.7704
16.5632
16.5339
15.4772
14.7315
16.7232
17.1814
19.6977
14.9931
19.9563
12.5211
25.1501
16.0302
14.35
13.9647
18.1554
14.5473
19.895
17.1103
16.3378
18.1863
19.1768
12.7209
15.6992
15.8821
14.7284
15.6731
12.5929
13.1013
21.8996
13.4499
14.1935
22.8857
27.6179
13.4945
14.0665
13.8783
15.0378
15.3381
13.8146
15.8208
12.7881
18.1939
15.6625
13.2008
17.1798
15.58
20.0193
14.2805
12.3271
12.3952
20.4705
19.6409
15.0344
20.4279
18.9336
18.9767
13.5105
17.8597
15.0224
16.2263
19.0888
15.2032
18.8263
14.7025
18.9879
17.7216
19.2095
14.2413
18.5168
13.0092
18.7903
25.5185
13.0656
15.594
13.4862
12.7098
12.4319
12.3241
17.1988
13.212
13.0145
13.288
21.1296
23.6234
20.3679
19.3389
15.5069
14.7573
13.1951
20.6599
19.1353
14.5371
14.5227
22.0841
20.5092
20.5406
15.1087
13.275
15.1772
16.1396
14.0897
15.1476
12.9462
15.5103
14.4438
13.1231
15.7362
14.9147
12.7509
20.0337
14.4326
18.2861
14.3662
13.9766
14.7881
12.6185
14.1063
20.4613
14.7252
20.8244
15.1231
17.0602
18.1034
17.5786
17.6245
12.8158
13.4265
18.414
20.3531
13.0633
12.621
21.2122
19.5168
15.9583
17.1605
12.6108
14.3833
13.9314
18.4142
19.0646
14.2899
18.1613
20.2382
16.2452
12.9311
13.7254
13.2735
14.2713
14.5583
21.1922
15.5429
15.0361
21.0738
18.5711
12.5807
13.7902
12.7101
17.8901
14.2319
12.6646
12.6189
14.3822
14.5847
14.6388
14.783
12.4228
14.3587
12.9107
13.5506
24.6672
19.3674
13.1304
14.8476
12.8702
12.7121
21.1608
13.2779
16.8749
17.1171
18.2422
16.8155
13.3008
27.8907
14.273
14.1156
14.642
13.1302
13.9626
12.5877
13.194
17.363
15.7608
17.3281
19.7133
13.375
12.7264
12.9712
12.6649
18.7642
13.3828
12.7471
12.7877
13.1108
12.8665
18.2248
13.6828
17.0508
12.6032
12.8723
12.5073
19.9435
15.6054
15.6425
12.9112
13.0307
19.6206
14.3555
12.7752
12.8809
12.7229
12.6287
13.5756
12.9942
12.4705
19.4014
12.3481
12.5634
19.8794
12.6622
12.8945
13.204
15.8668
16.5641
18.564
18.5
13.6142
17.2597
16.6339
18.013
13.8073
19.5412
15.6934
17.9048
12.8872
23.2592
13.5178
13.1406
12.9292
23.2363
19.0565
17.3756
12.9214
13.3184
19.7817
12.92
16.0408
16.5796
13.0661
13.6501
14.8733
15.5308
15.03
14.0539
14.0865
15.1707
18.5218
15.9752
15.5561
14.1772
14.9927
19.7653
19.5393
22.0872
15.1049
13.7786
12.8662
12.6991
12.7624
13.1003
19.7179
12.6619
16.1934
18.1076
17.1389
18.7331
13.398
15.5659
14.3298
13.2937
14.4823
16.0971
18.4789
20.6673
13.1747
13.0253
16.4235
17.6647
18.5923
14.1865
20.1517
16.8058
18.0014
12.6066
12.9482
12.6804
17.3406
17.6904
19.2429
12.7975
12.5216
12.6948
13
12.7075
13.0724
15.1823
12.75
14.4241
12.6671
12.9152
13.8015
22.649
12.6693
17.2176
14.2426
13.0002
13.9523
12.5332
13.063
12.4822
12.6652
15.485
14.6482
17.6735
12.7429
16.0736
24.6442
13.0491
12.3489
19.2563
13.2218
12.3851
17.2027
14.5219
15.0274
12.8358
21.3273
13.9428
16.4469
19.626
12.2515
17.2542
12.9547
14.4386
12.7482
14.0233
14.8418
12.3878
12.4161
12.5501
13.7678
14.9062
14.7874
15.2329
14.7888
15.4408
19.7171
14.4297
23.2577
21.6679
18.8964
20.4725
23.6091
12.4715
13.8095
12.735
12.8438
19.6357
13.3685
17.534
12.9931
14.7522
14.0968
17.552
14.9413
13.9391
13.0489
18.4769
13.4806
14.9795
19.5278
14.6399
14.3829
19.191
16.6957
18.6742
17.0255
18.8603
25.5961
28.0896
12.6036
15.6308
18.8708
21.737
12.659
12.8513
12.9661
16.1014
15.3333
15.5702
13.0436
17.5132
13.079
16.6163
12.4409
12.5882
19.8488
15.0565
12.7271
12.7499
14.6605
14.7831
13.1488
12.5143
13.4835
16.14
12.8744
20.5471
13.735
21.205
14.7547
14.2207
12.8599
16.3887
17.5584
16.1411
14.8749
15.5032
12.8815
13.4753
17.845
16.2355
24.5174
17.9843
13.2237
15.0259
13.8044
18.7044
12.5387
14.0958
14.9217
12.7154
14.305
13.8619
14.4245
21.864
16.1152
16.7097
14.2358
16.7367
18.9679
21.7956
18.4084
15.1265
14.3262
20.2101
18.753
17.7461
13.3281
20.1613
17.5466
13.4716
12.7065
12.6692
12.6069
12.536
12.5631
21.2996
12.802
13.185
13.0096
20.8022
15.9292
14.4478
13.5113
12.5988
12.7682
12.7835
16.5852
13.5317
12.7669
12.5361
18.86
12.5815
12.8764
13.2827
13.1467
15.1289
17.5947
18.9008
16.717
12.6405
13.3008
16.272
12.8193
13.3679
13.0997
19.3839
18.5165
15.0032
15.3016
14.8648
14.3957
12.4524
15.4641
15.491
13.457
21.4913
17.6692
17.471
15.8502
15.2621
19.0794
13.2258
19.3407
20.8874
14.287
20.1556
12.8377
15.0166
15.3216
20.7046
19.0831
18.306
12.6821
12.832
12.9963
12.6676
14.3219
15.3563
21.1243
14.2563
12.8567
20.6499
17.578
19.5006
16.9115
12.437
16.0241
12.8818
12.6824
21.1161
14.4187
12.6584
19.4372
19.9902
14.4779
12.826
13.0899
12.6516
19.925
18.7157
12.9841
13.3769
17.7343
20.2873
19.5467
13.0915
16.0224
21.0165
15.4241
15.5144
15.9881
14.1598
12.6706
12.5213
13.1799
12.952
13.0997
12.7736
12.5276
12.4639
12.8785
13.0505
12.5499
14.6227
18.1649
14.0694
13.3324
15.3401
13.5522
12.5751
12.6351
12.7097
16.1824
18.4157
19.3941
12.6852
19.949
13.2362
13.0709
12.8165
17.0527
12.8632
14.3665
13.9073
18.6112
16.9909
12.4231
19.3954
20.6232
16.1694
15.6754
15.3982
13.652
15.9351
21.6571
12.4685
13.0606
12.4547
19.8604
16.682
21.3823
13.6776
16.0132
12.9811
26.6295
17.2668
20.2209
17.791
16.2047
13.422
13.1867
27.7408
13.0853
13.1269
19.3453
15.4995
19.6761
17.8757
12.6366
17.9034
13.9138
15.9385
19.1829
16.4784
15.0459
14.0914
12.8082
12.9101
12.8096
12.8934
13.8263
12.9774
12.8356
12.9299
13.1007
14.2861
19.4987
14.6768
18.7601
20.0857
12.58
22.0024
12.8249
17.0155
17.6383
18.5113
13.5371
13.6456
12.5145
13.3192
13.5664
12.4633
13.1296
19.9727
14.2997
12.6449
13.2006
16.8675
20.0294
15.2182
13.7415
17.4793
14.3018
20.3902
14.0431
15.0075
15.9292
19.4904
18.9698
20.1147
20.3455
12.4149
18.4259
12.8911
13.1111
14.3954
18.6229
13.3882
12.7937
12.5476
18.144
17.9945
16.548
13.4613
14.4872
16.1955
18.3688
12.4653
19.5566
12.5248
13.8545
12.9461
20.3417
18.4021
13.3122
13.7471
12.618
13.1921
12.5845
13.3618
16.0363
19.4934
13.1675
13.0012
16.0492
15.5486
12.3656
19.6428
17.3269
14.3748
13.1823
18.805
23.0181
13.804
14.954
20.0142
13.8377
18.2919
13.5524
19.7687
18.819
14.7147
17.4204
12.5423
17.3134
19.0217
18.9054
18.4755
15.3773
12.6128
13.3407
13.5919
15.9176
15.9965
17.0246
13.5611
13.2811
20.5987
12.9428
19.3833
15.2887
13.0393
18.3627
12.7254
18.125
14.6148
16.728
15.5465
19.5373
13.2305
12.9508
15.4228
13.1556
14.7016
14.251
12.6596
14.6713
14.6294
12.7035
18.3713
12.573
18.3124
12.5523
13.3963
13.5151
12.5019
12.3834
12.2749
14.8084
12.7338
12.5037
12.3365
14.2633
18.9395
15.1872
18.7427
20.7538
13.5005
12.5614
17.6967
16.4854
15.9786
18.3282
17.1833
20.7841
12.4882
18.883
12.5797
13.1835
13.2339
18.6518
17.9764
15.1388
13.4174
20.782
13.4316
13.3284
15.3421
14.5486
17.3885
13.6803
12.3709
12.3267
18.7069
13.3166
15.151
13.3356
18.8307
14.3608
12.6006
12.7735
12.3924
14.7812
12.4743
16.0974
15.6595
18.4467
16.5036
16.9041
12.6304
17.8524
14.2454
17.0525
16.1588
14.9291
15.8481
12.974
16.2975
17.6474
15.6598
17.3056
19.3918
13.29
17.2144
14.0202
13.1169
12.4366
17.9106
16.6791
15.0466
16.9582
13.8565
20.0289
18.7827
12.7769
15.507
13.4385
13.0581
17.6208
13.2559
18.4667
18.4077
15.6174
19.0167
13.2016
20.4029
19.3392
16.7774
14.5515
14.3736
15.0463
12.8705
13.5483
13.259
13.5259
15.5081
15.4368
19.7618
14.8966
16.9936
18.5761
16.715
19.6691
21.1975
12.4761
17.8627
21.2919
13.3528
19.0527
14.2482
13.5131
17.0005
14.8735
12.6085
15.2311
18.7922
21.1576
14.8291
19.9941
14.4617
12.6407
15.6729
12.5424
12.6084
28.2667
27.6719
12.4876
13.0205
20.3035
20.0443
17.556
22.008
18.3513
17.245
13.2951
12.6381
13.0067
16.7733
13.5044
12.3841
15.9386
16.7681
12.9032
12.8958
14.9743
15.8386
15.3156
22.3718
12.5811
18.328
13.366
12.724
12.693
13.983
14.7872
13.7327
15.1405
12.7001
21.5898
12.788
20.3065
19.1624
12.4033
12.9585
15.2025
13.2689
15.4335
22.5401
17.4683
17.579
12.8942
14.1048
19.1423
12.9168
16.9812
13.9207
13.2367
12.5769
17.3962
13.2049
12.8152
13.8666
17.0283
16.2832
12.6994
13.525
13.702
13.8501
13.1999
15.1013
13.7237
13.8571
13.2364
13.3227
19.6853
17.1725
13.1402
14.8239
12.7628
14.6437
22.2396
15.9576
13.4041
12.8629
16.3708
19.7459
12.7746
12.4864
13.0673
12.7386
12.4812
13.4375
17.7953
13.5339
21.0436
13.2791
14.5711
12.3325
12.4303
14.8428
12.5714
13.1366
26.3761
14.092
16.1081
13.286
14.2987
15.1009
16.151
17.7049
13.0487
12.9747
13.1399
12.8016
12.9979
16.611
13.0537
24.8964
20.1004
12.3542
14.5561
15.8527
21.5292
12.7158
13.3173
15.7754
13.3009
14.4445
13.1263
12.8147
14.635
13.1564
14.1529
16.3297
16.6396
19.5588
13.5431
13.1455
18.7938
15.3023
16.1951
13.1419
13.252
12.9391
15.772
12.6079
14.2521
12.4588
24.4581
13.1058
12.7863
12.8198
21.8057
19.7727
12.6674
21.3749
16.3387
20.0629
13.0586
14.933
22.075
15.1337
23.9353
16.9524
13.2965
20.4408
16.5015
20.4868
12.7751
13.9457
14.4693
17.8478
12.6656
12.9013
16.3708
18.9967
15.6544
13.1438
13.0997
15.7116
17.2124
13.8069
17.5367
12.6363
13.0295
12.5996
12.8053
15.9589
12.5665
16.0833
16.6206
12.5193
12.6145
12.5254
13.7088
12.9877
12.402
12.5418
16.403
13.3888
17.98
16.7293
15.9612
16.3823
14.9582
12.8394
20.58
13.3686
13.0682
12.7701
19.2766
20.4678
13.9997
12.517
26.4894
13.6612
12.7348
16.0302
18.7511
14.7684
13.8356
18.5632
12.6526
14.8724
13.94
13.2156
16.5452
13.0228
15.1372
19.4253
17.6487
13.0971
17.1102
27.0769
14.6669
14.6213
18.7667
14.1403
15.7033
14.6387
15.1607
14.4595
20.6905
13.6981
16.896
15.1181
14.6747
16.4735
17.6747
15.5124
12.8146
21.6266
12.6638
12.8283
18.21
14.9574
17.0036
17.305
12.829
14.5967
13.291
18.2694
14.7723
13.5597
12.6443
15.1446
12.6338
12.8386
13.4491
14.3579
12.9557
15.0259
17.8963
20.5051
13.2898
19.7743
16.9303
25.3916
13.6267
13.86
13.1536
18.7853
14.9112
13.9012
22.0744
13.5362
13.112
19.9109
19.0896
17.4071
16.9236
12.9943
13.7292
15.0775
24.8988
18.4241
15.091
15.2251
21.4215
13.6423
12.9567
20.149
14.7684
13.5317
15.8042
16.259
15.4773
15.8638
19.8537
14.5835
12.601
13.2095
13.1349
13.0873
12.6968
16.97
14.0528
12.9501
16.1936
19.9127
13.1917
12.8907
15.4922
17.701
15.5818
15.8029
16.0293
20.0196
17.6836
24.2279
12.7032
19.6975
18.867
18.1509
17.807
12.8898
13.334
15.5509
20.1398
17.6101
21.9376
13.8158
12.4984
13.0164
16.7247
20.8563
20.8998
15.4979
22.8759
19.3934
20.1658
14.8586
14.1133
13.4492
13.5202
16.7614
21.5523
12.5731
23.3254
12.8518
15.5261
18.1291
12.5705
23.1442
13.7246
18.9508
13.425
20.9981
21.5272
14.1048
22.1476
15.268
15.4675
12.673
13.0337
13.1179
16.8805
13.2063
13.7622
18.0179
13.2964
13.8961
14.0828
12.6931
18.3928
13.8016
13.7058
22.0691
12.6985
17.3137
13.5468
19.6277
14.1186
14.3399
15.0031
15.225
16.5417
21.6284
20.9924
15.1339
19.2201
22.5159
16.0178
18.865
13.6615
15.8863
22.3831
22.224
20.9745
19.2006
22.3784
19.6176
22.2115
13.2142
13.6562
13.8096
17.9724
19.532
13.7079
13.7269
13.4828
17.5339
13.4019
13.6239
14.0282
15.9515
12.8909
19.8291
21.5614
18.6581
19.3641
16.9335
13.2192
20.8331
20.8791
13.3224
16.6808
12.5661
12.9133
13.7966
18.1564
13.5116
18.6059
15.6026
13.0573
14.4091
15.4156
14.2828
15.0677
13.6918
14.872
13.6554
22.1613
20.9423
12.5191
20.4542
20.9852
22.6009
15.5212
14.7922
13.2535
14.0503
13.4517
20.9653
16.3407
14.0249
23.902
13.8768
15.9401
15.9963
20.3626
23.0197
15.4821
20.6352
12.9569
13.553
13.1704
13.7248
21.226
14.5881
14.8383
13.7359
20.9099
20.68
13.0153
19.8777
16.9724
18.8293
19.7784
12.9258
21.2671
13.3131
18.1384
17.5703
15.0959
12.6009
22.5988
17.1909
13.2859
12.9464
15.6847
16.4195
13.0075
12.9746
20.5833
20.0372
17.7216
14.9404
20.9294
15.6235
15.5858
13.592
21.1784
13.0867
12.4651
13.9103
14.0447
21.6188
13.189
17.5859
21.0469
18.4235
12.813
12.3628
18.2235
19.0411
13.4216
18.9902
14.1272
13.7216
14.0483
12.8479
19.3718
14.9432
27.2592
13.6349
17.5624
20.7775
17.6779
19.0303
20.9211
15.4224
13.4318
20.1171
15.6956
12.922
19.0038
18.2496
17.6655
32.1351
18.2873
20.4256
15.1569
12.8765
15.34
19.6976
14.8637
13.5276
18.6756
15.5532
20.6516
15.0526
14.0115
28.7512
14.3706
17.4231
14.746
13.1011
18.8984
13.0523
12.7256
13.0092
13.2901
17.6566
18.4426
20.6231
16.5598
12.9215
16.0413
14.6557
19.2314
18.207
13.1796
20.6672
14.013
19.1408
20.2697
21.8526
21.0417
13.327
20.3259
13.0046
13.0157
13.7095
12.8906
15.1338
20.1989
12.6292
16.9172
17.1128
16.7511
29.1631
12.7108
12.4273
13.1418
12.5443
14.1337
13.0189
13.577
12.6584
13.678
15.4046
22.267
18.1745
19.1679
13.6078
13.5588
12.8568
15.633
19.7215
19.5736
13.1114
19.6291
13.9598
13.718
13.3755
15.0531
15.4202
12.935
13.1386
13.4787
19.4958
13.3522
20.4209
13.2612
15.7816
13.0512
14.9882
14.1851
12.4835
12.8195
12.7516
17.2235
20.4077
13.4523
12.9417
19.2329
20.1202
21.1516
16.6268
19.3179
13.3978
21.0406
21.2511
19.5981
20.4629
19.1631
14.2816
19.9352
17.1864
14.8724
27.5314
23.2355
21.3685
14.9104
13.245
20.7103
12.8797
12.9531
17.9917
16.3304
19.5549
13.5654
15.0259
22.7891
15.9803
15.3883
13.9598
12.8857
14.0347
18.4673
19.9482
14.8171
13.384
13.4258
16.3181
24.6607
16.1385
13.2811
17.7083
13.5578
13.5991
20.4009
13.1173
14.0583
12.5917
13.2263
18.3831
14.4441
17.9437
20.6496
12.9152
13.141
13.9731
13.0071
13.4853
13.7384
20.7145
22.0451
22.2487
17.4888
16.3269
13.1632
21.7031
13.4663
19.1221
22.0858
15.4165
19.874
13.2043
17.6472
13.8188
17.1806
19.6809
14.0043
12.5652
13.0829
19.6713
18.1954
20.9889
13.6598
13.4501
13.4016
15.779
13.5079
13.6124
15.324
14.0333
21.2452
13.9907
22.1224
13.6746
21.7387
15.3168
17.5585
20.2379
15.3803
16.526
13.2082
19.9631
12.9701
14.0419
13.2722
13.4188
18.7385
15.6004
18.792
17.8537
22.1933
18.2279
14.8634
21.5146
14.7011
15.3053
14.2029
19.4074
19.0519
13.9313
18.5183
20.8263
13.3306
13.7587
12.7439
13.2512
13.7588
13.6646
16.5679
13.7442
16.1592
12.3475
17.1835
20.3207
15.3825
14.2821
14.8557
13.4086
21.7574
15.2519
13.7133
12.9157
13.3318
16.4746
19.5994
14.6056
15.4666
15.2031
17.8975
12.8338
20.5342
16.0485
20.4708
15.3287
13.1552
16.6952
13.7857
16.5267
15.8451
15.699
13.5125
15.5328
19.861
14.8512
13.2056
17.5623
15.4202
18.8466
13.8148
13.5081
17.7379
20.0222
14.119
12.9011
21.1149
14.1831
18.0601
20.8431
15.2548
19.9916
12.5743
13.3657
20.3159
13.2464
17.4677
18.8932
14.4065
12.4281
13.9993
15.4238
13.2373
13.3811
13.7553
12.9457
17.6108
13.2681
13.0369
21.8143
21.3334
14.1389
13.2325
13.2952
17.9965
12.776
19.1529
12.4419
14.155
15.3845
12.6005
12.5985
18.8453
12.7899
12.5416
12.5752
13.3007
16.2164
17.6761
19.1963
16.6312
21.8559
13.4151
20.9007
14.9342
21.5768
28.1644
12.7659
13.117
15.4403
12.781
22.4161
18.2781
17.162
20.451
19.4262
13.021
13.5654
13.6074
14.6497
16.0743
13.6512
13.2793
13.9543
20.579
18.3271
12.9888
19.8356
22.8332
13.0352
13.4388
13.4102
12.5021
13.686
14.164
13.2264
15.0016
14.3273
20.2657
13.028
22.7649
13.1454
13.0945
13.2427
12.7003
21.6513
20.89
12.5429
13.8392
22.0191
21.3502
15.0821
19.9254
12.9432
17.6139
14.3021
13.0625
13.1397
19.838
22.6983
18.9947
12.6273
18.4302
13.1971
16.8104
16.9073
19.569
13.9935
16.194
13.2914
20.544
20.3477
13.1674
13.6414
13.1059
17.2873
13.1874
20.0116
13.0543
15.8227
17.5529
19.6017
19.977
15.8111
21.5491
13.4321
14.0268
14.5502
21.0965
18.9052
14.1069
20.8059
13.7161
28.4803
21.8355
15.759
13.4688
13.1982
13.2176
13.2531
17.8821
13.59
12.6647
13.4694
13.318
18.7117
15.5256
16.525
18.7722
13.5395
21.6132
16.1326
14.7767
19.3846
16.2747
19.7654
13.126
15.278
15.9855
18.9948
14.2159
13.4711
13.9588
13.0059
20.866
15.0346
13.8039
20.6309
13.462
17.6441
19.5152
20.5224
12.8142
17.079
12.6839
14.6973
12.6076
15.2202
13.3771
17.7705
12.7055
14.2321
15.666
17.8394
15.9296
19.4361
19.5545
12.6071
21.6709
16.066
16.7618
16.4509
17.3662
21.3451
22.9819
12.7133
14.2682
17.7786
17.802
14.0931
13.1016
21.0893
15.4649
25.3097
13.4945
13.5303
13.7798
13.2307
22.2582
13.0091
21.1276
13.068
12.8367
20.498
20.6804
21.9021
13.817
15.1531
12.559
15.7844
12.8162
21.2986
22.3482
20.4182
21.532
18.5376
14.3236
13.4238
21.271
12.9129
13.0769
13.4516
19.4044
20.0023
14.0789
12.9709
18.4271
15.8836
18.1802
14.3735
18.6988
15.9231
13.1615
15.8878
19.7078
13.2414
14.4019
14.9219
16.0892
20.5037
16.475
14.96
12.5138
13.3834
22.4229
18.8075
13.3212
19.0224
17.5753
14.0491
16.0891
17.5017
13.5341
19.0118
18.4559
14.3694
14.5844
14.1002
20.3241
17.0094
15.5323
21.0006
12.9798
18.4623
19.4843
19.6349
20.6984
21.6916
19.5472
18.7495
18.9929
17.3523
19.1578
16.8975
18.3595
19.6245
18.5508
19.0676
20.0859
19.6056
20.6824
22.4641
14.6115
24.9472
15.7055
16.0203
20.6794
21.4284
15.592
15.1747
14.527
13.23
16.7584
16.5984
18.0127
13.2661
14.6569
13.7462
12.8898
18.8703
12.5268
13.2393
20.0988
19.6461
12.9554
13.1389
13.5819
13.559
12.8593
16.9923
20.6555
12.7751
18.3929
13.02
18.0464
18.9936
14.072
15.5063
14.9326
18.2792
18.6303
14.0173
18.4134
19.6608
20.205
19.4672
24.5062
17.017
21.6557
20.1531
14.5591
16.8978
12.9316
21.8042
13.9244
17.9125
12.5038
15.001
21.9792
20.4685
18.7487
19.4783
16.7195
12.5387
13.2007
14.7369
13.605
17.3053
18.234
12.9783
14.4447
14.8126
21.797
13.2743
13.3771
12.9883
20.2409
13.8552
14.766
13.1445
20.2062
14.2344
13.4262
13.8103
19.3931
19.2799
18.6064
16.2855
13.2864
15.0585
16.4765
13.0812
13.9621
13.4929
13.4646
16.1193
18.4519
13.0503
13.9833
17.4038
18.519
15.4454
16.1008
20.2179
12.818
13.101
18.7454
16.3576
18.9447
13.3648
19.5188
18.6998
18.5431
19.2241
15.608
28.098
17.1941
15.5642
12.72
12.3729
22.9152
12.5421
14.6125
13.7982
14.6193
13.5153
12.4583
13.4909
19.516
14.2679
16.656
14.9228
12.9949
13.5086
20.0396
12.4855
14.6529
15.6499
21.1036
17.3493
21.2375
13.3448
18.6204
19.817
16.3099
20.5828
14.3605
13.1967
14.5596
13.4851
14.6286
20.7655
14.1346
21.569
18.5065
21.3201
13.7047
15.6498
20.4644
20.3734
23.9454
20.3442
17.8713
20.4309
20.5403
16.6374
14.6061
20.8205
15.8549
13.0949
16.2782
15.4934
15.2932
19.2595
18.0795
14.2979
17.748
22.1147
13.2357
19.4722
20.7695
20.5104
20.5577
12.6512
12.4356
12.5518
13.3809
12.9045
14.5053
16.5417
18.518
17.6207
18.4539
20.3863
15.027
12.7866
13.2378
27.6499
12.9204
19.6122
12.7589
14.2245
19.9025
12.4824
18.7241
12.7398
14.8202
13.6022
13.353
16.1096
13.4455
12.9837
15.2456
13.6734
20.7494
13.8982
19.8157
18.4367
13.4978
20.1
19.5285
23.1816
20.715
19.6707
19.9926
21.4013
12.8631
13.1476
21.6431
12.8251
16.2929
18.5708
12.8687
13.1498
18.1226
19.2041
18.8887
20.5277
21.8853
21.2853
18.3109
12.584
16.5508
12.6661
15.0556
18.6888
17.1375
12.5537
13.5136
12.8708
16.6454
13.3443
21.4954
12.5691
18.1677
17.307
13.6549
20.3804
18.4375
17.6753
15.9201
19.617
18.7024
15.0741
15.6165
17.5183
22.3185
14.9536
22.3303
18.6924
19.3502
14.1247
20.2321
13.4751
15.0486
16.2416
20.047
14.8033
12.8984
14.1827
13.8012
18.9504
18.434
13.0289
19.1041
12.9709
14.6747
12.8343
20.0452
13.9048
14.8067
14.2988
13.7537
20.3866
19.4454
13.3808
15.5534
21.7623
16.8207
20.4357
13.0876
24.5933
12.8783
14.1323
13.1825
19.8699
15.0225
12.4772
19.3466
13.4064
13.5237
13.3623
21.1446
13.4055
14.5136
19.7989
13.3247
15.2058
20.9267
21.9197
14.2074
13.508
15.5817
13.343
12.9543
16.1074
20.2287
16.0569
19.4874
13.77
21.5316
21.4278
20.4308
12.9507
14.3821
12.8393
13.8925
12.4516
13.3036
19.0523
21.0445
12.7837
15.494
16.9419
14.9891
15.2736
21.2922
19.0337
20.3108
13.5364
13.3669
13.8748
13.6836
18.7851
13.1096
17.5681
15.1768
18.2255
21.7926
12.748
16.5965
18.9692
12.8585
12.9275
16.4498
23.7456
17.7212
13.7765
12.8857
13.109
18.3031
12.9265
14.1504
21.5657
18.3873
13.4748
13.1179
13.43
13.5752
16.5612
13.2966
14.4594
17.65
12.422
13.3257
16.0068
18.0079
17.7558
17.2961
16.8365
13.8824
17.6414
22.2053
13.4695
19.8094
17.7135
19.3736
20.7851
17.2424
13.4413
13.3107
12.8828
20.9948
15.0728
18.013
16.8519
19.7813
20.0465
15.0224
15.4182
21.0767
18.4336
13.2919
14.4723
14.0117
12.3171
19.0697
13.4289
13.7525
25.5305
13.4312
14.4265
13.7376
17.0865
13.6566
16.3868
18.6472
13.3488
19.0189
13.2627
18.6805
13.4651
20.5153
13.6375
19.9139
13.7042
19.1913
13.4793
13.2931
15.8874
13.1525
17.6895
12.818
13.6004
13.5889
13.9326
18.357
16.1346
21.483
13.0134
13.9557
15.6702
20.6892
21.0052
17.2307
17.1751
18.9623
14.7906
21.0141
24.1066
15.1977
19.2858
21.2369
13.7248
15.69
21.4171
21.744
16.9975
19.904
13.7158
13.1433
17.647
13.3337
20.3816
16.645
18.6319
14.5547
20.516
24.2841
18.4812
19.8048
21.4217
21.3126
19.4805
16.9258
13.2029
12.7349
14.8536
15.9141
17.8609
13.8364
12.6409
12.816
13.876
14.7006
16.9917
20.8484
12.8366
15.3314
17.7024
15.1356
19.4206
15.2912
18.9086
15.9161
18.103
29.2553
13.7273
16.333
17.7653
29.571
21.2381
25.3034
12.9127
14.2545
18.0048
21.622
15.5294
19.174
14.3629
17.6425
12.7751
12.5289
13.7494
12.5079
12.4983
17.2487
20.2578
13.7591
16.1274
14.1801
16.7547
14.9293
12.9534
13.1867
19.8652
14.4794
18.0106
13.6887
12.5404
12.7554
14.1908
18.914
13.4161
14.0531
13.7227
21.1016
18.6029
19.044
20.7133
17.9201
13.3492
18.1591
15.2978
13.6136
14.5359
13.2285
13.2732
19.6873
17.4764
16.9448
14.6094
12.6723
18.8681
21.2908
15.2548
13.9832
18.2423
18.9214
18.2834
13.3981
12.5935
15.9012
21.6717
20.0536
16.6304
13.1524
12.399
12.6848
15.0952
17.4735
15.4437
13.9458
16.1366
15.7232
18.8153
19.2571
20.791
20.3652
19.8369
29.7757
18.0391
16.4388
19.1088
19.0134
20.0354
12.7281
16.1356
20.9953
15.2604
13.3848
13.4697
13.5095
13.5752
20.751
13.3656
17.9545
14.9238
14.0825
12.8799
14.0607
13.9357
17.6636
14.4441
16.4206
13.8586
13.0749
13.642
12.5025
14.027
12.6777
13.6982
13.0727
13.848
18.9919
21.045
13.1702
19.7445
13.6184
16.8424
20.367
13.6656
21.494
12.6916
19.0092
13.0635
20.3372
23.2406
19.7354
13.7852
13.6182
13.9183
13.879
12.9882
13.5341
12.8988
20.129
18.4597
13.2208
14.8584
17.6593
12.9548
14.0984
17.3477
13.8351
13.3623
12.5076
13.4964
22.6828
12.9369
13.6506
14.5107
15.9286
14.9825
18.3253
17.9367
14.0584
24.9915
14.4431
13.4332
13.6351
14.4115
16.638
13.6912
21.8979
14.2503
13.0059
14.4319
15.3309
18.974
15.6663
15.6757
16.2411
21.7847
13.3132
12.9146
20.5533
13.576
23.9202
15.1937
13.3273
13.8964
12.8565
12.9724
13.402
15.1636
14.2828
13.1008
13.3166
15.0759
13.4368
16.3372
12.9096
17.2935
17.9697
20.746
20.6277
19.9634
13.2048
21.9017
16.4695
14.4546
13.6896
15.6008
13.2138
13.4167
20.5118
12.4007
19.8537
13.9037
13.9629
14.1207
16.5954
22.2528
13.8482
20.7113
15.8113
13.6524
13.1983
13.9953
14.7221
14.8289
22.4049
22.999
14.3405
14.0166
17.4607
20.5727
19.0544
15.6202
16.0027
21.1097
20.2342
19.2592
19.8517
19.7562
20.1311
19.0122
20.2989
12.903
12.9397
20.8661
12.9038
13.3932
12.8084
13.3927
19.1732
12.6758
14.3446
15.5048
14.9893
21.0077
13.3472
13.0004
12.3568
12.6333
14.3691
13.2591
13.2529
13.3089
13.8008
13.2079
12.6941
14.5328
14.8024
12.6171
17.5805
17.9869
13.873
14.2258
22.6368
19.1792
21.4274
13.591
18.8138
18.622
20.8742
14.7283
18.3456
14.299
20.0731
19.6936
18.1421
21.9323
15.1332
14.377
17.0908
15.5476
13.9422
20.6959
14.9286
12.3015
17.1263
13.0199
14.2365
13.0878
12.665
12.6585
13.5809
19.0825
13.0422
15.8566
13.2088
13.2368
21.0685
15.9689
15.6691
18.0537
18.9614
16.3691
22.5841
13.1742
19.6824
20.9815
18.9641
13.2943
13.3666
13.6602
14.0165
18.4513
20.273
21.7999
13.8828
12.9483
20.9045
16.4314
15.5144
14.5358
14.0932
24.3756
20.1801
12.8283
21.91
20.4495
19.8437
13.5939
13.7621
12.9038
15.5895
13.7862
14.3618
14.2511
19.923
19.0714
13.4053
19.1182
13.2876
13.4217
13.1107
20.3958
13.0375
19.0611
13.5183
13.4958
13.8222
12.7327
17.4135
17.0603
13.3354
20.5432
22.0886
13.5959
13.98
19.8148
16.7651
19.4488
14.4873
16.1215
16.7279
20.7998
18.7985
17.5863
23.035
12.73
15.6623
18.4953
13.2737
19.2712
18.8089
14.6133
12.7396
14.468
17.2737
16.2656
14.7035
19.96
12.5238
13.3225
13.8031
21.2793
17.8401
17.8484
21.5981
15.5103
13.1155
12.7086
17.3685
20.3675
15.6979
13.5295
13.9296
15.6211
13.0597
14.3362
20.3207
14.0207
12.8888
19.4971
19.9768
18.6192
19.4151
19.8961
19.5422
19.0206
13.125
18.7649
18.2355
13.8276
16.8816
21.5175
20.9607
15.7182
17.3685
16.7527
12.5294
12.6175
17.2512
21.2889
19.2285
12.8054
12.5213
13.1554
13.2344
16.3277
15.3664
21.0965
20.3051
14.97
14.7958
12.4774
21.0448
19.7097
16.4536
16.3986
19.9257
21.9128
12.4847
14.0004
14.1859
20.7718
22.8225
15.017
15.3036
13.5681
14.3845
16.8335
13.21
19.5101
15.3919
14.2495
16.6533
18.318
19.1692
21.8117
19.4578
13.8581
20.6611
13.5191
13.7474
13.4935
21.1787
13.3674
20.0188
13.0232
18.2624
19.7586
13.0654
13.3803
13.5714
21.8326
21.9459
21.5867
17.2842
13.6119
16.3033
17.3463
14.8923
13.2033
14.9002
15.0631
21.0456
18.0668
16.2856
13.3104
13.2851
23.4469
15.1768
13.9437
19.7702
21.0729
14.6883
20.063
15.9862
14.3775
12.4834
14.9869
19.9189
13.8745
14.5655
14.575
12.5169
20.5276
17.8929
12.5294
13.0534
17.7194
19.0571
16.8323
13.1181
14.2648
14.7629
14.3582
13.5754
13.7957
13.8798
14.7591
13.7905
13.5353
21.6372
13.549
17.3393
20.1829
13.1298
21.1407
14.0117
20.2865
13.3042
16.9666
21.0551
14.1183
15.2484
20.5216
20.4893
15.8297
14.9187
18.0659
20.7077
13.1775
13.7601
12.9025
13.3588
17.5973
14.5256
20.2443
14.7092
13.3866
21.8922
14.3461
13.2973
13.6434
12.5828
21.3519
13.1197
13.6116
22.2729
21.7129
21.4473
20.8352
21.5376
19.7164
22.399
19.7911
14.186
13.6637
20.1907
14.491
13.2313
19.4004
14.1141
16.0813
12.7
15.3342
16.7928
15.5371
13.8297
12.4723
18.2534
13.1961
15.5996
12.9613
13.2041
16.7797
13.4222
13.1108
18.9713
12.7226
13.0579
13.9434
12.8119
13.9812
13.9311
15.5719
17.9178
18.9493
15.0753
15.9283
15.9991
13.2776
20.449
12.8094
14.0768
13.5651
20.4721
14.998
14.831
15.3598
19.8213
18.9644
13.7279
18.1898
21.2768
13.3887
20.2326
13.7784
18.973
14.2274
20.257
19.9413
21.291
14.4703
14.0428
13.917
13.2558
12.9668
19.5893
13.203
16.3903
19.0154
16.3287
20.5937
19.0827
17.956
14.624
12.4844
12.908
13.5793
15.7502
13.5047
13.0179
21.9247
19.0289
21.5377
19.4663
13.8819
20.3934
19.161
15.4675
20.9791
17.5215
20.4666
14.8845
18.1011
15.7985
12.6205
20.0377
21.3352
16.4826
13.003
14.4305
16.202
17.6129
12.5187
12.9953
12.513
15.9318
13.9743
13.2668
15.4781
14.431
20.5616
13.7403
13.8718
21.9458
15.9931
14.8047
16.4817
21.2817
19.6489
19.9922
13.4861
20.6849
16.8674
20.1153
21.2604
12.8587
12.6431
20.7149
13.4762
12.4356
14.2397
13.4459
13.9678
16.8815
13.4445
20.1986
13.8008
19.9099
13.7336
21.6271
21.5467
14.8396
18.9179
17.1403
14.0643
18.9872
14.6901
15.4191
15.2028
15.4066
16.0185
17.6153
15.0174
14.0657
21.8551
15.0122
12.8935
13.8191
19.281
20.3812
13.2505
13.1021
13.301
13.7388
20.0769
15.2551
25.6744
16.2041
13.5634
15.1869
12.9681
17.8659
15.2871
13.5375
13.7563
20.7543
14.1769
18.5991
13.6452
13.4309
13.5423
12.607
14.6292
17.1084
14.1477
12.7762
21.3331
21.8519
20.6377
17.6879
13.4652
13.1191
13.7971
13.4515
18.191
21.5456
13.4051
15.9038
14.6713
26.1895
15.4544
16.7396
13.7623
12.4458
22.7637
13.8951
15.6342
13.2767
17.6023
17.8119
21.1019
13.2331
19.7853
15.8325
18.1048
20.4312
20.4977
20.4775
13.8024
21.2345
20.0069
19.5677
18.6904
16.0919
14.9611
13.534
13.7499
19.2163
15.1251
21.3071
18.9812
14.1536
23.7178
14.1859
17.6952
13.7898
21.7689
20.5133
24.818
13.395
22.5475
17.313
21.5914
14.7361
14.6546
21.9159
19.7366
20.5224
22.2059
13.4982
18.9175
14.5928
13.7081
13.5528
13.783
13.3694
12.6158
13.5087
13.4338
17.3217
14.5426
13.0169
15.2394
14.7432
14.6872
15.1692
20.8349
15.3155
13.9017
15.1734
16.1659
15.537
14.2678
13.1405
13.6513
13.8474
19.991
13.4343
20.9912
15.7501
15.2882
15.1908
15.1853
14.1779
19.9185
18.5108
12.8577
20.5906
14.1365
15.3486
13.9074
13.6072
14.522
14.4022
13.0774
13.632
22.656
13.4136
19.1433
19.0897
12.3938
18.8088
13.8483
19.6628
19.4722
13.3325
17.8815
13.4624
13.9658
13.6345
12.9794
13.472
12.6839
20.6627
14.1267
14.7326
18.4584
13.5802
15.3502
19.376
19.6884
21.0032
18.0896
19.6454
15.3345
15.2369
19.33
12.5753
12.9771
15.206
13.7448
21.8489
20.4404
13.5008
13.1001
13.2904
16.2967
15.2552
19.5315
20.1495
26.2481
13.7295
13.6433
14.0252
23.3789
12.5276
16.5528
24.6989
13.8006
15.0794
20.4817
23.853
21.0372
15.7983
20.75
13.2893
13.1904
14.1204
15.6037
14.7749
13.3712
14.1307
13.0137
13.5694
13.2954
13.3819
19.8407
14.3878
24.9398
13.7135
12.9411
12.814
12.9729
13.0389
12.8189
15.4499
15.5026
14.234
12.9657
18.9278
13.3936
13.3573
18.1047
13.9618
14.9051
20.732
15.4943
22.1837
13.268
20.3962
19.1481
21.0939
14.5877
21.6343
21.9313
12.9067
19.1122
18.1982
17.2529
16.7363
17.7035
15.8192
13.3105
21.6787
19.4733
22.391
15.2229
21.3544
14.366
18.6843
12.9621
13.3044
14.3661
16.1964
19.5424
18.2617
22.1955
21.2604
21.152
21.3823
12.4378
13.3181
12.8317
13.2269
13.6091
12.7847
15.5727
13.0655
13.2771
13.0593
13.3763
12.776
13.9154
12.865
12.7047
13.1874
16.4418
16.0086
22.3244
17.0816
19.1132
20.2609
17.1815
16.3196
18.9988
15.3285
19.6153
13.0327
14.043
19.7868
12.7322
19.0649
20.4544
14.0163
19.297
13.0106
13.4633
20.8474
15.5142
14.3439
22.1559
15.7696
13.4861
14.2327
13.3007
13.9719
21.1976
13.3522
13.8585
13.8603
13.0186
19.7581
16.0061
14.4674
18.1478
15.1369
18.7999
22.4178
12.8214
18.4744
13.7048
18.8084
18.8069
13.3861
13.0178
13.3221
15.8074
13.205
16.8493
13.4397
21.2217
16.8101
20.996
16.1878
15.625
16.0495
17.3911
13.1767
18.8297
14.2288
20.3098
21.7444
12.8042
15.3109
14.17
14.1083
18.8579
13.4547
13.368
15.2424
20.4089
21.4605
15.6742
17.375
15.8109
14.645
13.2139
12.9573
13.2837
14.6215
14.1531
16.538
13.7994
13.3616
13.4437
15.6149
22.0633
20.7685
13.5735
13.2249
21.6465
13.7267
14.1895
20.2733
13.5897
15.4853
19.7494
21.5494
15.908
19.7301
20.9982
20.9021
19.8234
12.9192
13.6265
12.9692
14.1665
13.0239
13.1605
13.507
14.2655
13.8757
13.6604
15.205
20.2753
19.2903
14.0135
13.4881
13.6625
21.9013
21.6838
13.6907
20.8801
13.3768
14.045
12.9403
13.2414
13.8692
19.565
20.9947
15.9567
15.4965
13.7304
12.5553
22.2986
16.5488
21.7217
16.3078
13.599
14.2524
13.3428
13.3803
14.216
14.1068
14.3095
19.6692
20.8461
17.1076
12.541
13.454
14.7692
15.588
13.3823
21.7118
15.5133
22.1304
21.7963
18.863
13.3144
13.1819
17.0077
12.3959
19.7115
16.351
22.3825
13.1307
19.8979
21.2138
16.2847
13.9806
14.9847
13.6749
17.6581
16.3726
17.4372
14.7291
15.4827
20.5687
13.5459
14.6874
13.6646
13.8676
12.9134
13.4085
12.7543
13.4515
16.9674
19.7012
21.2628
19.1058
20.692
13.8712
13.6579
20.6406
15.8018
13.3783
13.7632
13.2508
13.0608
13.1643
13.4223
18.4464
14.5519
13.0076
12.4464
13.7694
12.4635
12.7666
14.2932
12.9956
12.4674
13.3078
12.5008
13.0104
12.9091
12.7217
12.6936
12.4666
12.4455
13.1722
12.2143
12.6602
12.635
13.1995
12.4519
12.958
13.4042
12.9485
13.2094
12.7393
13.1161
13.0595
12.6967
12.6343
12.985
12.8853
12.4053
13.3328
12.4835
13.1841
15.132
13.5993
13.3801
20.5298
14.0845
19.407
13.3872
20.4917
16.0146
13.8453
18.7646
14.553
12.5106
12.6153
13.9173
16.5589
12.8645
13.7112
12.8906
12.6343
18.7523
17.01
18.3003
19.964
19.3532
20.0214
20.56
19.1407
19.1507
16.7051
17.3138
20.0441
20.7381
17.6154
19.5378
13.8643
12.7998
19.7981
22.0768
15.5642
16.9242
18.3391
16.8503
13.3402
13.7609
16.937
15.757
21.3015
21.2161
12.835
13.309
15.0836
21.456
14.2431
12.7816
19.46
13.278
15.2763
19.9849
12.7575
12.4039
19.4424
13.9622
12.5913
15.2196
12.5216
14.9655
14.9103
20.1557
20.7129
20.0908
18.6502
14.8187
21.4171
13.2121
21.4433
13.0977
16.2348
21.3524
12.4803
21.3204
13.789
19.563
21.1606
20.8913
12.5781
20.3868
13.0664
17.3105
21.8341
19.9638
13.1137
14.163
24.8615
13.7218
13.2328
13.0211
21.6714
14.5782
12.8111
12.8848
17.3701
16.8091
12.9151
18.0931
12.5246
12.9693
20.7159
13.1052
16.0915
15.5161
17.79
13.8649
12.6373
14.2017
20.7464
15.811
19.1561
13.4548
22.4359
21.5665
17.7893
26.6282
17.579
17.3119
16.3924
14.031
20.8721
20.3176
20.4355
16.668
19.575
18.7456
21.3944
19.8127
12.6105
23.9271
14.073
18.0368
14.2845
17.2831
14.9137
15.0665
18.9668
18.7646
17.7256
20.7348
20.7221
21.4267
15.32
13.8955
15.0506
13.6783
13.1891
13.7463
13.0759
16.0306
14.8549
17.3593
17.0454
15.4489
12.6226
15.8666
24.3314
16.3654
13.443
20.1033
13.496
19.6122
12.7966
13.1143
13.0042
13.575
17.2022
13.3919
12.5779
21.5219
15.824
17.5318
20.1496
21.0694
14.4052
13.3931
13.0019
25.367
19.4469
20.297
21.7774
17.8755
18.8181
15.6759
14.3959
12.4448
15.168
13.3257
18.8075
18.6634
12.8595
13.8066
13.032
17.9199
17.0801
16.4017
14.1797
20.4912
12.9932
13.1442
22.3157
19.6673
17.498
15.1128
12.4768
13.3063
13.4588
20.9207
19.9618
14.1135
15.5147
20.2748
20.8021
29.5609
17.9676
14.6873
13.3419
12.9929
13.3739
12.7763
20.2318
21.807
15.8263
13.5123
18.9229
12.6755
12.9546
18.1088
12.5185
12.8444
13.1731
19.1515
12.5758
12.6219
13.1611
14.2012
16.5374
19.2062
13.7116
17.5153
15.0124
19.2341
13.1036
12.7837
19.9517
13.6538
14.2809
12.6419
18.0805
14.4325
13.3557
20.9561
20.647
21.9775
16.1882
14.0683
18.2256
16.8389
20.9927
15.2253
13.1072
22.2715
20.2988
18.3625
15.5213
14.0089
16.2504
13.994
14.2752
20.8017
21.7119
15.6915
13.9325
14.5523
17.0457
15.737
21.5384
13.2249
18.1687
17.7744
18.6575
20.6967
22.0667
13.1257
13.3849
21.3318
13.75
14.3598
12.9205
21.3354
21.8526
16.2434
21.6731
19.5968
12.5617
13.559
13.7411
18.429
16.8709
21.3418
12.736
13.85
17.5122
18.0872
15.3028
22.5743
13.9642
13.7196
21.759
21.0476
14.1094
13.1098
21.8435
21.4578
13.7084
17.1353
16.2128
18.7028
15.4659
14.0191
15.5317
19.7754
18.938
18.1886
20.0825
22.2347
15.8803
17.4767
18.5131
20.6193
28.4801
15.3925
19.1639
12.4858
21.672
18.0716
16.2784
13.4196
12.965
16.5337
12.5295
13.0229
19.6974
23.6532
19.1268
16.2683
18.3173
20.8985
15.901
19.2943
16.6862
13.4397
12.4082
12.8202
18.9003
13.5848
14.3974
13.4024
17.5041
16.5765
20.4557
20.966
21.2053
19.8686
16.0427
22.719
12.9555
13.6464
13.8544
19.8465
20.0851
20.9214
21.5528
13.5817
22.388
13.153
15.5832
19.6957
13.3914
23.6756
13.0019
19.207
13.0462
12.9338
12.8933
12.9036
12.7481
12.5959
14.7262
12.5847
12.5839
12.9472
13.9349
13.5043
20.664
19.4274
17.4192
13.0162
18.2705
12.7048
13.5513
13.4614
18.4877
18.5569
20.2575
12.6427
12.9371
18.8678
15.6078
13.5511
12.78
13.6743
21.0497
12.7784
21.5381
14.7022
17.7818
18.694
13.9482
15.0145
15.9648
14.8264
13.8954
21.6489
16.8207
21.0544
21.0319
13.1083
20.4719
13.4011
13.7025
13.2514
13.691
13.0017
18.5619
17.5312
13.2721
21.0889
12.9247
13.0421
19.431
13.5997
13.1957
14.3506
14.479
21.7393
14.302
17.6974
18.5011
13.2432
17.5185
20.8634
15.6876
12.4298
20.1018
19.5279
13.559
13.8031
14.5315
12.4744
15.4068
15.7527
16.7296
14.5195
13.4437
20.2576
20.4546
16.0074
16.5353
16.0672
20.9726
13.9571
14.0401
14.1851
13.0614
20.7399
13.3471
12.8905
15.0527
15.3816
13.1159
12.6238
18.4128
12.4798
16.245
16.431
14.2396
20.2309
14.0671
26.89
19.9286
21.0561
13.278
13.1188
22.8718
14.5969
21.6798
18.4786
13.6141
15.9189
13.1274
15.542
15.4842
14.3398
18.2005
15.2787
19.3153
19.7075
16.0667
15.3944
16.3103
20.9671
14.2278
18.4664
14.137
13.2058
21.6819
12.918
20.6031
15.8292
20.1099
18.5996
13.964
20.218
20.7434
22.0795
14.2489
15.7202
13.5179
13.4333
20.5205
13.9861
14.163
13.2145
18.5715
17.4477
14.9224
13.8552
13.6174
16.7366
16.1581
15.8501
15.5604
20.4255
19.7978
15.0751
13.3016
13.6239
18.9562
20.5758
13.2891
18.3725
17.2292
19.4533
12.5217
12.8943
12.9688
20.1316
21.3558
13.8121
15.5723
15.2398
17.2991
13.0145
13.6676
26.9762
20.3271
15.195
16.561
13.3809
22.1536
15.7816
13.858
18.7023
19.5956
13.5188
14.8893
15.4047
13.2198
13.278
21.4424
15.5273
14.0966
13.4947
15.336
15.6624
22.734
13.1283
20.5169
20.6855
12.7323
21.7229
19.3376
13.7272
21.0519
16.2493
15.3068
15.5494
15.8608
19.8748
18.8138
13.1964
21.4285
13.1466
18.713
19.5234
13.7384
21.432
15.9321
21.1381
12.6394
13.7628
21.6048
13.7832
14.011
13.0987
13.1423
14.6268
20.8394
12.5642
13.2401
15.239
13.8012
13.5558
13.0041
16.7262
13.9802
20.6363
21.0089
14.2425
12.9746
12.5865
13.7915
15.1856
18.1228
13.5162
20.0127
15.9389
18.2722
19.3168
14.1276
13.2018
17.178
13.9775
12.901
13.0421
12.4762
17.656
12.8267
12.9508
12.6106
12.9741
12.8133
12.8522
13.4921
15.0516
13.2127
12.7484
12.6683
12.4037
13.0137
12.8574
12.9582
12.7106
12.6986
12.8062
14.2445
12.6161
12.6209
12.499
12.653
12.2117
12.5156
16.0161
12.7508
12.802
12.5101
12.1261
12.154
12.6131
12.1694
12.6933
12.4782
14.3612
12.4719
12.2788
12.8955
12.4147
12.4445
12.5804
12.9609
14.3143
12.4934
12.1018
13.0204
12.8873
12.8745
12.8684
21.3376
15.7357
14.2045
15.3657
13.1159
13.2184
13.9159
23.9012
13.1254
21.7993
13.4776
13.4563
13.5952
20.9377
13.8612
14.719
13.0452
12.859
25.9817
13.2676
14.5661
12.8674
21.668
15.1268
14.1733
15.15
19.9158
13.2745
18.7947
21.0404
17.3525
12.8748
13.9165
19.9816
20.0193
21.9948
14.8368
12.7459
12.7556
12.7218
25.4758
17.7283
12.3646
18.7694
13.9159
13.3018
12.811
17.5429
19.9759
13.4275
12.9233
12.4707
15.4423
20.403
13.9401
12.9545
13.1246
17.2519
13.0026
20.6167
17.2872
16.249
13.5012
21.6623
13.1441
12.6466
17.3197
13.456
22.4785
13.868
13.2714
19.7482
13.316
17.5703
13.5697
13.3493
13.63
13.9907
14.0552
18.6843
13.5205
16.6123
14.8202
13.397
14.2136
21.8
13.4221
17.1432
13.7221
17.9068
13.1711
22.2462
12.5997
19.4251
15.5756
16.6362
13.4732
17.8506
15.4444
15.6004
19.7148
23.7028
13.9187
23.0071
16.631
15.4575
19.268
14.6564
14.8385
14.856
13.7505
13.0162
17.6071
13.512
12.4832
13.5429
18.8565
20.5593
20.935
13.7995
16.7804
15.8358
21.3741
18.8614
15.8126
14.5166
13.1446
15.6049
13.8477
13.4331
22.2895
17.0751
14.8873
15.5176
19.6136
15.5022
19.7923
17.6367
13.3318
13.2895
18.4465
14.8843
17.2783
14.7745
13.7214
16.7912
19.9914
13.6126
18.7464
14.8455
13.6156
13.0853
20.6408
12.6
16.8635
12.7523
18.5311
20.1983
21.2819
19.6732
16.0252
22.5622
16.0045
15.142
13.6137
12.8416
13.6032
13.3897
15.8405
25.206
14.8634
12.9281
13.4198
13.3437
14.4782
13.3744
13.9399
14.897
14.1016
17.5627
13.3462
15.111
24.4321
14.0219
12.4185
13.4432
18.9187
23.2437
13.3821
21.2202
14.1241
12.6761
13.325
12.838
13.8746
13
14.1498
16.3981
17.3547
13.4353
13.526
17.5598
17.4788
20.677
19.2299
19.1147
13.0977
20.4983
20.6345
15.8309
12.9919
12.9221
12.875
12.4988
20.1942
13.9341
15.9676
15.6204
16.1194
19.9299
17.6007
16.8077
21.7179
18.2955
13.5052
13.7692
15.1432
13.5139
19.3551
25.8827
13.7977
14.0488
22.1441
17.3797
14.0459
14.6103
19.7728
23.6155
22.6594
20.9067
12.5137
20.4103
13.0591
17.7373
13.154
12.653
12.9069
17.3929
13.1139
15.592
20.2339
13.2863
13.8351
13.0897
13.2981
12.6474
12.725
13.3829
12.5989
18.9623
13.589
13.3044
26.5214
12.9252
12.8442
18.8524
18.1329
22.1708
19.473
16.8729
15.2609
18.5812
20.2071
14.2229
13.6652
13.1752
13.2772
19.1474
19.6995
14.9597
14.4596
12.7743
13.81
13.5878
13.403
14.1958
13.2866
20.0631
20.2241
14.0317
13.7265
13.9149
12.6565
13.2945
14.1665
13.5545
13.8946
20.0512
13.8236
13.8659
13.5801
14.2508
21.0639
19.8782
20.3805
14.6158
13.5569
19.876
13.509
12.9204
21.6378
13.5099
22.6334
17.2314
20.4424
20.9145
13.6251
13.9818
12.5975
13.6924
13.0875
14.0785
15.5978
12.7766
14.2006
13.0965
13.3773
14.2806
12.6847
18.4446
13.2827
12.9739
18.1345
15.4474
13.6415
13.8971
13.0594
13.6847
19.9766
13.2229
21.2741
20.5365
17.6096
15.6589
15.0443
17.2662
13.0671
20.6667
13.1413
13.7343
13.0643
15.7343
18.0793
14.316
16.5048
13.3133
14.7075
15.8654
16.3956
14.4065
20.6423
14.97
21.6792
14.3364
13.6503
15.8217
15.1743
15.4688
20.662
15.271
13.8709
12.5889
19.4188
16.8037
17.4059
15.4791
17.3865
18.4178
12.7647
13.8234
16.164
14.7838
13.5719
13.05
21.1071
20.0047
12.8463
14.3337
24.2762
21.5302
20.4984
12.7869
13.2239
13.2095
13.9928
13.688
13.1576
13.2421
13.3598
19.419
14.2696
16.4008
12.7926
13.5396
20.5486
15.7949
22.9039
17.3369
16.196
13.0413
20.9474
14.4114
21.1593
15.6043
13.2268
14.7173
13.2311
13.6502
15.2621
19.7199
19.0699
17.1173
20.2215
13.6993
20.162
13.0199
13.7274
17.6717
13.2016
24.0691
17.8242
20.6431
13.3391
13.4614
15.2551
15.6428
23.094
13.7932
13.3726
22.0389
21.2231
17.4389
12.9253
12.8336
12.879
12.5785
24.1572
21.0746
13.0513
15.3302
13.8853
19.6217
15.905
18.6344
13.5394
13.0801
19.7757
14.208
13.2424
13.7404
12.7172
18.895
13.2744
15.3334
14.2097
13.3395
13.6888
13.5001
13.418
15.2073
20.8156
13.643
16.024
22.4536
23.057
13.6801
15.1029
15.4921
19.4058
13.3007
14.0322
17.9206
12.4974
17.3759
14.135
12.4924
20.419
13.4384
20.2647
12.5333
19.2159
17.9588
14.9552
18.3417
13.1096
15.5547
18.5043
14.7904
13.3245
20.0845
20.8313
18.5221
18.956
15.0666
13.4814
19.6631
20.7498
18.7856
18.9211
14.564
14.6893
12.5367
13.4998
13.8324
13.4545
13.8284
13.3366
14.0027
13.3326
13.7744
12.586
20.5244
13.7532
15.6515
13.2377
15.3351
15.4207
17.5224
16.5406
16.6294
18.5207
13.3021
13.2736
13.1176
13.6208
13.0359
17.8005
15.5584
14.863
17.9019
20.9281
20.3801
13.2792
13.2785
19.1637
13.0515
13.722
18.7055
13.1201
19.2328
12.6179
13.4844
13.4149
13.554
17.6428
13.0762
12.5157
12.9105
13.118
12.9417
13.0908
12.5706
14.8629
13.1367
13.1918
13.0625
12.6812
12.7865
13.3498
13.1775
12.9752
12.8917
13.0784
13.163
12.6888
13.0427
13.062
13.1893
13.0668
13.3075
12.6516
12.4848
13.2297
13.5281
12.6377
12.755
12.5572
13.1405
14.0192
21.5262
20.4109
14.2789
21.0283
19.5476
14.8267
18.3496
15.178
19.5833
16.0603
18.4396
15.2485
21.2367
14.1169
20.6751
13.8919
19.4955
21.0185
14.0284
13.9557
20.8623
15.7673
14.1449
16.2553
21.7016
21.9294
22.4448
15.9206
19.7599
14.0675
12.731
17.3359
16.2376
13.4214
19.0194
13.1761
15.6051
13.9331
16.1888
14.0097
13.0767
20.8465
21.0473
19.4384
13.9046
18.7333
22.0955
14.074
19.4186
13.3063
17.2673
21.8037
15.4114
14.2254
13.6265
13.4949
12.6888
12.6581
13.465
16.9928
18.3598
13.6522
18.4534
13.1504
20.6024
18.8637
13.1259
15.4151
13.3135
16.4092
13.0912
17.1641
21.6561
13.4265
17.8456
17.2132
20.7734
15.6633
14.9427
19.7042
14.6182
13.4008
15.9787
13.0339
12.8856
14.5452
13.1704
20.1548
19.3206
16.2804
12.5669
12.3603
12.2846
13.1303
13.1593
13.1237
20.3027
14.9929
13.1942
13.729
14.2068
17.0099
22.8945
16.2015
14.0255
17.1706
17.8643
14.6837
13.0058
19.1607
14.879
13.7799
13.8113
15.9975
20.7
20.2614
14.9819
14.3017
13.1731
21.308
16.9924
20.882
18.6111
15.526
16.3869
18.5893
12.4471
17.1432
15.9611
14.6905
21.5613
27.0034
17.2187
16.6887
15.0982
21.476
21.2822
15.371
14.548
12.5067
12.4324
21.4066
13.8675
18.8174
13.522
14.2295
12.8435
13.3231
15.8936
21.318
15.0625
14.1077
15.1132
12.4402
14.5063
12.594
15.3239
13.2202
21.8014
16.0761
12.6535
13.993
20.9621
12.4513
13.154
19.4528
13.6561
21.3093
12.8493
12.7158
12.6545
20.078
13.6822
13.3992
13.2526
13.3935
13.7636
15.316
15.5846
15.3565
20.9984
12.7068
20.5237
15.4607
14.5188
15.9641
22.1837
13.7715
12.6039
13.7864
20.1902
18.853
16.8558
18.7898
20.9399
15.3741
20.9725
20.1242
14.9927
14.9998
20.8708
13.9198
18.9367
13.0688
13.648
20.5453
19.1233
15.8564
20.2647
21.5366
20.5542
18.7784
15.1668
13.8856
21.2195
13.62
13.9299
16.3808
21.4259
16.158
14.699
13.6823
19.0441
20.9706
13.572
18.6856
21.5295
18.2284
13.0847
20.4654
14.6674
13.4099
22.4484
20.1102
19.4098
14.4707
18.4822
12.713
14.364
15.3478
17.7588
17.63
22.9483
21.2617
14.0255
14.6793
12.9974
13.8271
15.2572
13.2374
13.1999
13.3319
20.5098
16.5962
15.903
12.8626
13.6243
12.9336
15.9434
16.6919
16.3135
17.6974
12.8232
15.6726
19.8264
12.5541
15.7538
14.2137
16.43
13.9687
17.147
14.3004
12.9006
14.0496
13.7582
21.2727
14.9086
13.6074
13.1406
16.0854
13.4396
14.3574
17.0886
19.8807
17.514
13.5931
13.2766
15.9963
15.4477
19.3458
17.9751
20.3241
18.2757
14.2046
19.5355
22.4981
13.1356
19.3666
12.5696
14.2323
19.3723
21.0571
14.8293
13.621
21.3748
15.7995
12.3786
21.1391
14.9581
16.3162
17.8066
12.7762
13.1928
17.7266
14.9012
17.154
13.1612
13.1718
13.4392
16.6502
14.4413
15.3675
13.1045
16.0318
21.5563
12.6103
14.3074
14.7881
14.2386
19.7475
12.9828
15.0324
13.5482
18.3782
19.8328
15.8482
16.0582
21.1592
13.8151
13.4168
14.9448
17.2709
20.0859
12.58
13.484
15.1637
21.7774
15.2917
14.921
12.9704
22.1438
14.7403
21.1809
14.0959
12.9624
14.6017
15.1142
18.1243
20.5201
12.4343
20.8628
13.5932
16.5271
13.0443
12.8173
12.7692
13.2239
16.1413
16.9935
15.5683
15.7248
13.0792
22.0494
21.8617
21.1734
13.4621
12.6909
16.7805
13.12
20.1876
13.1566
21.67
14.1728
12.6743
14.026
21.3389
13.2042
15.2724
15.8524
13.3117
19.6397
19.7019
20.6226
19.2501
12.8471
21.5238
13.1192
19.3541
15.6245
20.4734
15.0967
13.1307
18.8212
16.1827
21.6411
18.9095
14.379
13.1632
13.202
20.897
21.7211
12.57
18.4889
13.7172
13.0018
13.8959
20.0449
15.2281
21.236
15.6041
15.898
19.7154
21.1275
20.9539
12.9499
18.1308
13.5044
19.0295
12.4074
19.7331
13.08
18.288
21.6182
14.1364
13.1956
15.0332
14.5945
17.7691
13.1805
13.6791
13.7435
13.924
19.3528
15.1881
18.3865
20.7726
12.8741
14.4595
13.3182
17.2165
15.3068
17.0056
17.8031
18.9761
21.1869
15.8453
18.9738
16.3204
17.6147
14.8925
14.4819
20.3608
20.6571
13.0506
13.8313
13.2455
14.4617
18.0201
13.156
15.5917
12.9138
15.9946
12.6936
14.7877
19.3024
13.5265
13.8583
16.4184
14.7897
13.6985
21.1603
15.027
14.5796
19.0923
20.0771
17.9381
14.3327
13.9989
15.709
12.9993
12.8929
13.6751
13.2512
12.4215
13.6948
12.9738
12.6291
13.1665
19.8648
13.3881
14.0437
13.466
20.0848
20.9038
20.3173
17.2389
20.7214
21.9379
21.2676
18.3155
16.7509
13.6312
12.6212
13.2156
13.3747
19.2004
18.6643
13.7126
20.5125
16.0951
12.7433
15.0391
13.4603
15.6713
13.5398
18.1339
21.6213
18.7683
16.8875
21.281
18.2512
14.7253
12.9373
13.1646
18.343
13.0034
15.3683
21.2003
20.2136
20.9518
12.5198
20.492
22.958
15.3951
20.3988
14.3692
13.9034
12.8013
21.5164
16.4075
21.6842
17.3035
13.4758
17.3888
19.1418
18.1233
17.3723
13.6094
13.3914
18.205
12.6974
15.2837
17.3988
15.8773
14.3711
12.6703
16.5825
12.6393
21.1074
20.8058
13.4667
12.5016
21.1188
20.4288
18.0628
19.149
13.8525
19.9984
21.3975
21.4878
16.7531
13.8837
20.5686
15.0577
21.2007
13.0597
18.0369
16.1027
17.0454
13.7875
15.594
20.0805
20.5429
16.1509
19.6559
19.0923
15.0381
16.0113
13.0919
15.4052
14.5125
17.0678
14.7871
19.4323
21.1203
15.5488
13.0913
16.0557
17.2104
14.0541
13.2243
13.1953
13.0027
13.9939
14.1829
16.6042
21.995
16.5374
12.8272
21.7186
16.3681
15.885
20.5319
15.4006
12.5355
18.4488
20.3843
13.1832
12.8174
15.8123
13.7971
21.7939
20.5531
20.1382
21.3621
16.5792
13.6135
19.5104
27.1203
21.0239
14.0744
15.6376
20.5626
12.9284
20.5829
13.0339
18.0597
18.9881
16.7859
17.0953
23.3122
13.676
12.6035
13.5306
13.602
13.33
13.1708
19.8118
22.6892
21.363
12.4166
14.1983
18.7834
17.0073
15.3766
18.8359
14.461
22.6952
13.3921
20.9689
20.8545
21.6735
16.2075
15.3218
18.535
19.6718
13.2939
15.8195
13.3076
21.9922
20.3503
14.009
13.3246
14.096
21.1853
18.4475
12.8748
13.371
12.8152
20.4545
21.2677
12.8847
12.3071
12.4466
12.5676
13.047
12.2174
13.5165
13.1445
12.5648
14.3606
13.033
12.5069
12.5366
12.6371
12.6156
12.579
12.4622
12.3926
12.6497
12.2567
12.4698
12.5611
12.8747
13.2026
12.4861
13.1413
12.3206
12.514
12.4552
12.3108
13.0793
13.8688
12.8714
13.242
12.9639
12.9016
19.5393
20.4608
27.493
19.2826
17.7755
19.5057
12.9264
21.4762
19.9889
21.9176
15.4798
15.2468
18.5322
14.7912
15.6551
20.6972
19.4628
20.8256
14.1321
20.6502
13.4895
13.3848
16.7571
22.5649
13.4215
17.703
13.6792
12.9953
13.7719
16.1217
21.4891
20.1312
13.721
12.5496
22.9573
18.825
14.1761
20.1846
14.7127
13.8692
19.574
17.6608
20.8071
17.8955
16.5569
16.5507
16.8405
18.5127
12.9735
17.1793
18.1569
13.0492
13.4855
21.5325
13.0055
13.534
21.81
15.4799
19.5846
21.2412
19.4665
12.8488
14.857
12.7907
12.527
19.6387
15.3747
12.5405
12.9305
12.9674
13.0902
20.5181
21.7855
14.0411
13.4262
13.021
15.7454
13.4229
13.4556
18.6458
12.8365
13.3821
14.626
15.844
14.9505
20.4532
13.96
12.9915
15.3591
21.664
16.1916
18.0509
12.8484
13.3178
13.2337
18.7942
13.5295
13.9612
19.5268
21.6556
13.4898
19.4842
23.1191
20.3991
12.9381
14.685
14.0494
12.3455
15.5695
18.5275
13.3145
18.3626
20.3672
15.4015
13.4029
15.6746
19.2651
12.8065
13.1465
18.6034
16.4119
17.4408
15.6852
12.6328
12.2982
17.2528
13.2385
12.9638
13.7454
18.7117
22.081
17.2521
12.7338
13.1065
20.4337
20.7845
18.2772
21.5146
12.824
12.2959
14.305
19.0644
13.8463
17.8993
14.1956
12.5747
20.1227
15.6637
16.2712
17.362
21.5251
13.909
13.528
19.6421
20.5672
15.4122
15.2451
18.6831
18.8143
13.486
13.0109
13.3642
18.0162
20.0928
14.6226
12.943
17.2909
20.3994
21.3089
13.3781
13.8399
12.8335
18.5154
21.2468
21.9571
19.7763
15.6487
13.8195
12.4565
14.3477
13.3742
12.7465
14.1913
19.5673
21.851
12.9426
15.5051
13.2703
12.7077
14.2804
17.4574
13.5701
20.5539
17.0984
13.8878
21.3308
15.2642
20.996
12.9018
13.555
14.0337
18.3496
18.7376
12.7396
12.3542
17.8428
12.5688
12.4996
13.3132
12.5539
12.5618
14.1556
15.1845
22.5528
21.6647
21.9625
13.5586
12.5118
13.1216
20.5716
16.3156
18.0485
15.5336
12.5817
13.1605
20.2993
14.9263
16.9348
21.0372
21.3759
15.2285
18.1824
22.7666
13.8087
13.9532
13.2405
13.3196
12.4121
12.3444
13.896
16.5481
17.9625
14.0029
16.0442
15.9195
19.0892
13.2798
13.6105
13.0203
12.7163
12.5151
12.3936
12.5581
12.7305
12.8467
13.2897
12.3909
12.8592
12.3833
12.8789
12.9974
13.5102
12.2906
12.4651
12.747
12.9497
13.1774
12.6685
12.5781
12.9036
12.9323
12.3308
12.5377
12.8324
12.8098
12.9212
12.4842
14.2089
12.2705
12.5484
13.1267
12.4406
12.3728
12.3706
15.282
12.8319
14.7686
12.7526
12.9262
16.0236
17.1017
13.0681
15.8311
22.1618
20.8557
13.0433
13.1338
19.3077
20.0169
19.427
21.1008
12.9802
15.7803
14.9771
20.2243
18.4994
13.6426
14.3822
12.6949
15.1921
13.3685
20.0338
19.1531
19.6021
13.9274
20.6928
18.37
20.9667
14.0824
13.196
13.8389
17.1708
13.5483
15.9583
14.1828
13.4644
20.9804
16.8613
20.2866
14.0602
12.9254
21.2256
18.3837
13.4795
20.5506
12.8209
20.6886
19.802
15.1354
15.9185
12.6301
19.5498
13.1436
13.9179
19.5088
13.1598
13.4303
13.8043
13.6846
17.3119
20.8059
14.7257
23.0855
12.8344
15.4786
13.6822
18.6295
14.9058
15.5559
13.6664
13.1553
17.6676
15.406
13.7973
16.3114
12.7721
13.1667
18.6921
13.4111
20.1605
18.7033
15.5881
15.1088
21.0653
21.2239
13.148
20.6269
15.7474
14.4797
15.7748
13.9342
12.9336
13.6781
21.7826
20.9515
17.4826
14.5891
12.5038
14.0141
13.2178
12.8661
13.0931
13.7107
12.9288
17.0678
21.0365
14.5954
20.7315
19.5197
13.8442
18.1997
13.342
20.685
13.8209
15.5776
18.9984
13.9778
12.8848
16.4259
14.8861
21.1657
12.8513
12.9397
15.0766
14.9386
15.561
16.3599
13.0413
12.6431
13.1783
14.6689
22.2788
18.2811
14.0092
15.1223
20.962
16.1802
16.5039
14.4567
19.6938
19.7878
13.6014
13.8902
20.0158
13.7951
13.4093
23.7198
14.7518
22.8913
13.4266
14.6513
13.9238
12.9702
18.8647
13.3868
13.251
15.3615
25.7603
12.7127
13.5896
13.6779
13.1452
19.8534
19.1447
12.6314
13.0358
18.3562
15.929
13.2199
14.9116
20.8734
15.4091
16.0702
13.5557
12.741
13.5787
13.9791
14.5735
21.5222
16.2181
14.9281
13.5689
13.0626
13.0184
14.1485
13.2691
13.4601
12.8043
13.5701
22.001
18.7656
13.0854
13.6833
12.9625
21.3205
19.4756
12.6145
16.3148
12.9069
13.6778
13.3471
13.5676
13.1841
13.3645
14.7027
12.7114
14.6639
13.5851
13.0461
13.9415
13.042
18.6158
12.9925
17.8237
13.7639
22.0039
17.5951
15.6873
18.4576
19.933
20.7274
16.0719
17.2727
20.2562
20.856
20.1503
18.1067
18.0786
13.865
13.0575
14.3861
15.2555
20.8667
17.1498
13.259
25.1801
15.3995
12.5836
17.8914
13.0685
14.5647
13.1186
14.0832
18.2503
12.686
13.4039
12.5556
19.2933
15.2784
12.5389
13.0432
13.0702
12.4608
14.1678
13.898
17.2762
17.5278
20.8636
21.5261
14.2885
14.5984
12.778
21.099
15.0431
17.7554
14.6496
12.9875
12.4606
12.9998
17.2555
12.767
16.5393
22.6209
14.7747
12.9078
13.576
14.2219
14.4005
14.1797
13.625
14.5712
13.113
16.4571
17.6724
19.4561
20.1617
13.6708
14.7332
15.46
13.6561
21.4551
14.7455
15.6067
15.5971
18.9044
14.4486
22.2567
14.9788
15.8729
14.1702
13.6672
21.7406
13.8683
13.6394
13.889
18.6152
13.0959
12.5541
19.3436
15.1544
12.5171
13.134
14.4617
13.0423
14.7091
15.1555
16.8739
19.0347
13.1953
13.3126
13.5369
19.3304
12.4811
13.0514
16.787
18.7828
21.6139
13.6526
20.8397
22.8805
14.1345
19.7182
21.8186
24.5687
19.3134
13.5916
15.9042
20.6127
21.4683
25.8933
17.7672
13.2507
22.789
13.1395
19.1364
22.972
12.4909
17.4273
13.2159
13.2868
21.0712
13.1448
14.2576
21.2723
17.3623
16.2229
17.5018
21.7649
20.1878
20.7275
12.875
16.5856
22.3548
12.9117
16.4873
12.6136
13.3586
20.4574
20.06
12.7704
17.6272
15.1709
12.912
12.3851
14.262
18.8996
20.4788
12.7873
13.6988
14.717
23.3717
18.8108
20.8777
13.258
13.9218
13.0436
19.4749
26.1105
15.9191
13.1087
13.0471
14.8164
13.0686
12.5935
16.5201
18.4848
15.9963
23.3157
20.2485
33.7166
20.4351
19.8988
13.484
12.5392
12.5941
16.2576
13.601
19.542
12.8097
13.6489
12.9307
13.4667
13.84
12.943
12.9152
20.4986
21.4408
13.5574
14.8037
13.1873
13.0535
15.4282
13.8883
13.2876
14.9249
17.7017
13.82
14.2163
18.3827
13.5068
15.8454
14.0216
22.0371
17.0456
18.6626
17.3046
14.186
17.6168
18.0907
13.1451
12.7508
17.8897
17.3458
15.3169
18.049
13.2061
21.1307
14.0467
15.2097
13.7382
14.3335
17.583
13.4835
16.855
14.8141
13.7866
21.0345
13.8681
13.1089
20.6261
15.431
16.3336
18.7798
16.1027
16.4084
18.0902
15.3732
17.4885
15.9842
12.6497
12.7424
19.4765
18.1639
20.3119
14.0513
12.6516
13.1462
14.0949
15.3753
14.5621
17.1108
20.8539
21.1154
12.9394
19.9523
14.1198
19.7556
13.5448
15.4541
13.7763
20.7664
13.2812
13.9096
13.8424
14.5444
15.8608
25.1022
12.4536
13.0733
20.2844
14.1091
16.758
23.6166
12.9476
18.5336
27.0337
16.5909
18.2167
12.4966
17.4371
13.5592
14.5668
15.798
20.144
13.658
14.0504
14.5702
20.3642
16.4957
16.0143
12.4453
12.7361
12.3387
12.4714
15.6384
24.5472
21.5823
14.4357
18.714
18.8014
17.506
12.5753
17.4523
13.5712
15.3279
12.7488
19.0174
18.4425
18.1465
12.8038
13.8139
16.113
12.7068
17.6204
14.3177
21.3419
20.2226
13.3636
13.0312
25.7651
12.9535
13.6433
12.6189
12.5595
16.1612
20.5929
13.5379
12.386
20.3451
22.6027
17.6114
19.2458
12.8243
17.6094
19.599
19.6941
17.821
14.5254
21.4008
19.4826
13.1845
15.3845
17.6799
12.9487
12.6197
14.8384
12.4944
15.1522
12.8784
13.3104
13.2393
20.4735
13.6624
12.6817
19.4652
12.9297
20.0406
22.0591
14.7503
15.9807
13.4164
14.5802
28.7037
19.1573
26.6333
13.0801
19.822
16.5411
15.5261
12.7364
12.9098
18.7648
16.9982
15.0947
17.0508
17.7091
26.9325
12.7187
21.294
15.671
23.412
13.7435
15.5462
13.9964
21.1251
13.1633
13.164
13.1407
14.1824
19.4901
18.7824
18.0006
13.3076
16.1078
18.7736
21.2082
18.9307
21.598
23.8331
17.8654
12.9585
13.208
20.6059
21.7183
13.127
12.9019
13.5698
13.4541
20.6629
13.4277
13.8895
13.1125
12.3252
12.485
15.759
13.4959
15.0656
20.0431
16.5004
15.419
20.1297
16.8355
20.9794
13.6034
20.6584
21.4444
14.4301
15.2353
16.2495
21.6697
14.3751
12.8046
13.8966
18.1747
13.6171
22.1593
20.0273
17.819
15.6191
12.7905
15.8144
16.1957
12.7056
14.6225
15.5768
16.3643
20.2775
16.6998
13.3796
13.4248
13.7736
13.9021
21.542
20.9564
13.3916
14.0126
18.7299
20.587
15.5351
20.1564
19.2076
21.4019
13.9742
15.2277
13.3707
18.1841
20.744
12.5483
12.7642
14.4426
13.112
20.686
17.1156
15.3854
13.3279
14.9678
24.6049
22.5392
21.4178
13.372
15.2595
14.8334
18.16
15.5592
13.0447
21.3482
13.9031
13.0992
13.6977
12.8628
13.508
12.6467
12.4164
13.5624
20.2503
13.9301
19.7784
12.9382
13.1909
14.3698
13.0622
13.6849
13.4777
13.5279
22.4632
19.4095
18.9766
13.2951
12.6911
13.986
13.5963
20.2745
13.527
20.3099
24.2913
13.2288
13.1431
12.4817
19.7358
19.22
13.2756
17.3163
13.1929
13.5248
14.6464
18.1838
15.1842
13.4433
21.5166
12.8639
20.858
15.0616
13.1567
13.3919
18.4194
17.9276
12.6363
17.9955
13.1112
14.1756
13.1211
16.2044
18.9479
15.3591
12.8908
12.9499
14.4731
19.7656
13.1943
12.8028
13.3755
18.9746
21.2461
13.0592
17.8554
13.4539
12.9477
12.7222
12.7798
13.6327
13.5882
15.3837
15.2185
21.0735
19.6594
18.1114
13.601
15.7022
13.4951
14.1818
12.3641
14.415
13.6116
17.4506
20.2353
20.9292
19.4926
14.9658
16.7559
21.6801
21.1201
19.8578
19.3727
14.9222
21.5244
18.3182
22.0438
13.4641
19.93
21.7744
14.6165
14.4427
18.8306
20.1814
12.5049
18.6176
13.2106
17.2438
13.126
20.435
13.6123
12.9641
18.2452
13.3014
20.6472
15.353
15.1366
12.4115
13.4558
13.6563
17.5667
18.62
13.1394
20.9249
16.078
20.7395
13.0203
16.6691
14.4612
17.4979
17.0313
13.5642
13.3035
12.8891
18.9722
20.2205
13.8237
13.0458
17.7789
18.4656
13.2976
19.6556
12.9104
20.5054
21.9434
22.5754
12.666
15.3897
14.2942
15.7188
14.7563
12.8923
13.3379
13.1988
21.5315
22.0216
19.9922
20.5214
16.3398
15.3342
20.8875
12.9778
17.5436
18.7274
18.524
15.2322
15.0796
19.1392
19.9682
22.4557
13.0774
13.7484
13.0464
13.2544
12.5156
15.8032
21.8088
15.5223
15.2419
14.2622
21.9301
16.5016
14.2856
12.5088
16.2771
13.9905
12.9474
12.5405
20.2771
19.4396
18.9269
18.0107
16.9024
13.1478
13.4065
15.8731
12.6845
14.2534
12.7922
13.7642
21.3432
18.8668
14.2585
13.3889
14.0277
15.027
15.4044
15.6326
21.3185
14.9122
17.7221
13.9425
13.3071
19.8665
21.0487
14.7974
12.6388
13.4913
13.3478
19.4351
13.7029
18.6407
13.187
14.4194
20.3202
14.0003
17.8003
13.3128
12.5448
14.0038
16.4865
15.6036
19.0425
13.2715
21.0411
13.0906
20.3097
14.4839
13.5572
21.3041
14.5802
14.7231
21.6261
21.1335
21.3273
16.6746
16.039
17.1637
13.8711
14.452
21.5587
16.946
19.9869
18.0436
22.3124
15.5243
19.5829
16.1136
20.9055
19.8935
20.5757
20.7279
14.1251
12.5885
13.999
15.1293
15.7474
13.2463
12.929
19.7541
13.714
19.9598
12.6517
15.9075
19.5454
20.2826
14.7577
12.8654
17.4215
22.1412
13.454
14.1651
20.3989
13.5173
13.4236
12.5024
13.2999
16.1285
12.472
15.284
13.1761
19.1458
13.1495
13.7661
15.8347
16.1175
19.2814
12.8324
15.4685
13.6044
16.6171
13.0969
16.5173
14.3625
13.6845
15.1274
14.2062
14.4663
19.8659
15.1356
20.8749
16.0079
18.5198
19.9121
12.9087
17.1737
21.46
14.1841
13.3154
14.0732
16.3289
13.9282
13.4536
20.4422
26.3137
13.1678
26.5022
12.7193
15.3865
15.1366
13.3271
18.951
15.8112
12.6062
19.1332
13.1712
13.261
19.5568
12.9864
16.8523
19.8314
22.3244
12.3998
12.9496
14.1692
14.9671
18.4397
22.1582
13.3654
17.6486
13.1796
14.8697
19.3478
13.6273
20.4115
18.3987
14.2279
24.8466
12.8803
13.1175
15.4275
16.8729
20.2709
12.6086
19.5443
16.6634
14.8781
18.6384
19.602
25.0069
12.5653
13.3041
18.5819
19.5256
21.5302
15.2085
13.0187
19.7853
20.0263
15.8633
13.6077
13.1763
18.4135
12.6713
15.0186
13.4254
14.8659
17.1633
15.9296
18.0176
13.5756
13.3338
13.2337
12.4225
19.1542
18.997
12.9071
13.6093
17.2071
20.934
13.0614
19.6622
13.03
17.1841
13.6344
16.6873
17.7729
17.5605
21.8558
15.3968
19.5568
19.7202
20.1939
15.1552
17.2004
13.9986
13.416
12.5008
21.2362
13.2517
17.4583
13.0809
17.609
12.9559
20.8787
18.9072
14.808
15.1671
15.2819
15.5367
12.4916
12.4495
12.6015
13.0692
12.5195
13.9724
12.5943
12.7571
13.0343
13.2991
12.667
13.3607
12.4818
21.4538
22.055
19.782
14.0586
21.1695
20.0131
13.2754
21.8701
13.3714
13.3712
21.9626
20.0003
13.7614
16.0527
19.738
17.0407
13.904
13.0821
14.3003
15.7657
13.9981
22.7657
19.333
16.9015
12.3667
12.7737
13.6718
13.0741
14.6215
12.9603
13.5419
22.1272
13.4706
14.2023
14
15.3296
13.0542
13.8031
20.6534
21.8275
12.9827
18.0134
20.6947
20.9282
14.4342
21.1473
13.8649
12.8498
12.728
13.0283
12.4181
12.7586
13.1771
13.3769
13.1936
21.3697
13.3042
17.6296
16.231
19.7729
22.0786
21.4241
15.2799
15.437
18.5053
12.7368
18.3947
17.8434
15.5054
20.5599
15.4152
20.4318
28.5764
13.2383
16.253
22.0979
12.8984
20.9036
20.3254
15.1321
21.218
13.4265
21.514
21.5493
21.1974
19.8618
13.1083
13.9794
13.1593
13.9366
17.83
19.1342
13.7383
17.6745
12.8787
12.5442
13.2981
12.5221
12.9605
13.2333
13.7798
12.9992
12.9915
12.9724
13.1994
13.0693
12.5415
12.4841
13.103
12.5993
12.9992
12.541
12.5411
12.8931
12.6748
12.8046
13.2882
12.9263
13.0622
12.4451
12.4646
12.3932
12.4898
12.354
12.4099
12.4622
12.7161
13.1912
16.665
16.0168
14.477
17.7907
12.8348
12.8914
20.6939
13.3861
17.6937
17.1669
18.0625
18.4795
13.4581
12.4831
19.2112
14.4261
15.7563
14.8144
12.5112
17.199
16.1769
13.4836
14.4313
17.8952
20.1591
13.66
18.8776
13.6493
21.8572
27.1456
18.3844
22.1005
14.1446
13.1334
20.5673
21.2628
19.5967
20.288
20.8926
17.0886
18.6918
14.5477
28.3685
14.3833
13.5226
18.326
14.1668
13.261
13.0774
13.0267
20.1739
15.7825
15.8184
12.8648
18.3812
13.1722
15.6154
15.3673
20.1359
22.439
13.2625
14.3102
15.7527
13.9071
14.4295
12.5226
13.3934
19.643
20.9777
19.2512
13.9865
14.0325
12.4312
12.8861
12.7558
13.1097
12.6968
12.9555
13.3938
14.1509
14.605
15.7571
14.3869
18.9038
15.4401
15.2395
16.7766
16.2826
12.9621
12.4432
13.9801
12.9125
14.4108
15.1054
14.98
21.7371
13.2597
15.2066
16.5853
13.8128
16.2403
16.2136
14.7856
23.2549
18.6705
13.8317
21.6767
21.5723
16.7007
21.2722
14.9988
13.6576
17.3898
16.7086
20.3435
17.0918
15.335
15.178
14.8963
12.7832
15.1957
21.5964
16.1502
14.4687
14.9491
15.6624
15.5341
21.0012
14.1601
13.5548
22.8733
14.1342
22.0312
20.1886
22.6432
14.0762
13.7481
14.0889
15.0404
13.781
20.2186
19.5538
13.1369
19.1203
16.1327
13.6934
22.0571
14.8021
22.9189
14.2158
21.2598
15.1276
16.4045
17.39
15.9351
14.3044
16.3809
13.4825
16.0873
20.8376
13.0995
21.3436
18.3536
16.5592
13.4213
12.8254
15.2724
15.5071
13.0581
15.7258
12.7812
13.2476
19.5853
13.761
12.5258
13.4555
20.9421
21.1569
21.13
24.5685
14.0179
15.1727
19.8593
20.4679
13.2439
13.7945
18.6141
21.2118
15.6145
13.9602
19.0553
12.9265
19.5441
21.3207
12.8063
13.9368
13.7677
13.6673
13.2897
15.7144
21.556
20.9497
17.7975
15.6826
19.8888
15.8433
17.4723
17.0338
19.8476
16.9124
14.8263
12.6592
13.3599
12.6209
14.6809
14.4839
13.4888
15.8569
13.6898
21.6868
16.5624
16.8893
12.7916
14.3109
13.1595
19.4028
20.3062
19.1878
18.937
12.6806
17.8465
19.7456
14.9844
12.4954
12.5906
13.1301
12.9714
12.7523
15.728
17.7608
12.7094
12.5938
16.7833
13.5192
12.7965
12.9794
13.3156
14.836
13.2365
20.3927
12.9451
13.1797
13.0478
13.4943
17.5352
13.8501
15.3177
14.7882
12.6139
13.1627
20.0672
18.8483
12.4872
18.8628
14.6717
27.8604
13.2349
13.0735
12.7303
13.4814
14.6092
13.3725
15.5959
12.9616
13.4327
14.6175
13.6361
17.9276
14.3056
15.5304
20.851
13.4542
13.5991
14.9647
15.2156
21.7318
16.6644
21.405
18.9253
18.7633
12.6617
18.3192
18.8363
14.0272
12.7041
13.3411
21.2691
20.3526
12.9667
15.3964
15.9965
12.8967
13.6767
16.815
16.2823
13.1744
13.1319
16.4668
13.7848
15.5969
22.0033
13.8403
13.1706
14.4608
14.765
17.5401
22.2195
14.4598
17.7303
15.3631
13.5366
17.429
13.3446
13.2882
25.5826
14.9538
14.3655
12.7136
14.2274
14.9587
19.0594
12.9572
12.9055
13.1562
12.6536
14.9606
20.9482
18.8005
21.3787
14.8128
14.5897
13.3304
21.6492
13.1848
18.1156
22.0819
16.7838
13.5401
15.1033
17.4213
15.829
20.8326
13.5502
19.6955
14.2002
13.8514
13.3404
19.7098
13.4997
14.2389
15.0966
13.0673
14.4598
14.616
15.0463
13.6281
17.0606
20.4944
17.0388
19.3612
15.2794
18.1837
13.3
19.2033
16.0205
18.7829
20.6446
12.9391
14.4558
14.3136
16.552
18.4859
18.3914
13.0963
13.0179
12.6214
12.663
12.7122
12.7368
12.4846
13.0404
21.5351
13.1563
17.6574
12.683
14.2597
13.9322
14.0125
15.5581
12.5819
13.9179
16.6733
12.7275
18.8464
12.6424
19.4251
12.7958
17.3808
20.1784
13.1992
13.4366
16.2171
13.5551
12.5905
12.6746
12.847
18.5166
16.7393
13.9647
16.7512
15.6029
12.9688
21.1334
21.5354
14.5114
15.5937
13.0126
19.4467
18.6168
19.38
12.6729
13.1884
15.8497
16.6201
15.2508
14.7336
15.8342
12.4293
21.6885
21.9296
15.0116
18.8118
14.2292
13.2198
19.8364
13.0169
13.0394
13.1712
16.9157
19.5221
16.534
12.7695
12.4586
17.1625
13.2582
20.4086
13.4553
13.3148
14.9835
13.4781
15.6605
22.7224
16.8228
15.1524
12.9243
13.1274
13.0002
20.8771
12.7319
12.6546
14.5057
15.1844
16.3649
14.9299
16.3012
19.8333
15.4055
12.6106
12.9437
13.9817
17.4525
19.4777
12.773
12.7967
12.7832
15.612
13.1226
18.1828
12.7387
19.4259
14.3428
20.642
18.2738
17.9218
14.2963
18.4865
15.1634
18.2044
13.2155
12.9969
14.0959
18.5356
19.6538
13.7089
12.7393
12.9089
18.5773
13.0537
12.7967
12.9657
15.0782
14.2072
16.7204
19.6433
13.1261
16.0652
13.6534
13.1113
17.8365
12.6896
19.0805
13.3765
15.1631
14.7422
18.9203
17.2583
12.652
12.883
16.8807
20.6269
22.6137
13.0133
13.001
15.5537
17.669
18.8046
13.9142
14.4506
17.4965
14.6838
14.6733
12.5111
14.4746
15.5528
12.8731
17.5594
13.7564
15.1768
18.8198
12.852
15.7216
18.9219
12.5512
19.2924
13.1171
13.0213
14.0828
13.9014
15.343
21.219
16.989
20.7366
16.0005
13.6107
15.0024
18.3403
16.3061
19.3922
13.2757
16.3672
21.9856
23.1634
13.4343
12.5189
19.85
15.0573
12.8982
17.7238
12.879
13.7354
12.8071
13.1215
13.1323
13.0587
12.5505
12.5886
20.2022
20.274
19.3834
14.8451
16.9619
21.9195
16.6101
12.6547
13.2104
12.549
18.3006
14.7609
20.0696
18.3013
16.9111
19.8226
13.1852
17.9037
12.9309
17.0726
14.6511
19.1005
15.1296
17.6437
13.7448
15.6306
19.867
13.4434
13.6468
12.9164
13.8855
12.8995
15.2329
20.5418
18.9982
14.0602
12.7764
21.38
17.9769
25.2061
14.6789
17.6738
12.808
17.7022
20.461
16.4266
13.1498
18.1902
15.9603
16.6637
17.7729
16.0689
13.5973
16.3689
16.7482
18.6117
12.8936
15.0492
14.395
17.3508
19.1719
20.2451
14.2695
17.563
18.9317
13.6223
19.209
12.7682
20.7183
25.061
13.3362
19.2993
18.5182
18.5471
15.1073
21.7905
12.8931
12.839
12.9922
13.3064
12.8164
13.9276
14.5756
15.3567
17.2194
15.0312
14.1004
12.7003
16.2871
15.5813
15.3449
14.9214
19.5164
13.8479
15.7799
20.6894
15.9303
12.9285
13.656
13.5561
12.7688
16.0453
14.1659
20.6259
13.1054
15.3379
15.5112
18.7191
16.1844
13.9721
15.7751
15.5747
19.3466
13.4498
13.2295
17.2736
13.347
17.7451
13.9716
13.304
13.8004
13.3181
14.9313
20.0581
15.8601
12.5881
21.3356
13.5577
12.8125
14.0484
13.608
13.0283
13.0796
17.957
16.2212
12.9447
17.066
15.4249
18.9536
18.8114
16.0628
15.7974
15.1736
14.5668
13.7665
15.0931
17.53
12.9909
13.6581
18.4911
19.0831
14.1943
17.9383
21.4816
18.0731
14.1659
19.1867
19.1952
14.9137
20.0123
20.4317
20.7316
15.7595
13.5068
17.407
16.4982
15.0289
21.7359
13.378
18.6908
19.9214
14.9042
13.528
13.5511
13.8747
13.2653
16.622
18.7141
20.4011
15.926
19.0151
15.5797
13.3329
13.4409
13.8559
14.5895
13.3472
20.1788
16.9963
13.543
20.4127
13.9326
13.202
25.6057
16.8105
15.3446
17.6499
12.8928
15.983
15.9024
15.8618
15.3935
18.9318
18.7701
14.7099
13.6264
19.0855
17.1014
14.1407
13.63
15.5448
17.9086
17.2493
16.2208
17.4273
18.3855
13.1804
13.1025
14.2522
19.2411
21.0021
13.2247
14.2513
13.0049
13.0161
13.5119
12.9201
12.99
23.293
15.7074
21.0034
18.9217
16.1783
21.3983
12.8444
12.9142
15.8607
12.9838
21.3973
13.1876
17.0764
17.0186
14.7698
16.9723
17.1226
16.2531
21.9536
13.1367
19.2058
17.0253
13.1148
18.0608
13.487
15.9244
12.9204
12.858
12.2792
17.8019
15.0602
16.5342
13.5979
16.0862
13.0357
13.9442
18.6834
18.853
24.4348
13.1036
20.2481
12.7157
13.0009
12.8587
12.5329
13.8622
17.5364
15.3125
17.2079
20.7291
13.7681
15.5457
13.3121
13.2383
17.031
19.9405
12.747
12.7325
20.5318
18.2879
17.9853
15.0999
14.7451
14.1773
12.682
19.7697
18.3164
17.3835
14.6381
16.5344
17.4124
17.3535
14.0051
13.0141
15.5359
17.809
14.1156
14.9566
15.6162
20.5853
13.1019
13.0187
19.5329
13.2098
12.9103
19.3187
16.8398
13.0327
20.6827
13.6797
17.046
14.7346
14.0241
16.2381
19.4248
13.4947
20.7403
13.9878
16.1557
13.1517
15.8778
13.0364
14.5871
13.9605
15.9883
19.7166
18.9861
14.1271
18.1924
13.2488
18.6589
14.6815
13.1019
13.1837
20.6605
19.9089
13.1818
13.5594
17.0653
14.0824
13.4221
12.3883
17.1884
12.6151
21.5823
17.2298
19.8422
14.6724
12.9702
12.7249
17.3147
19.532
22.5029
15.5049
12.8077
13.3358
12.4125
13.0568
15.8615
13.5824
13.3515
12.9965
19.5431
15.637
12.6702
13.0265
13.6718
20.5073
21.1167
13.0986
14.9568
13.6192
19.2549
12.9432
12.829
16.5244
18.4668
12.8146
14.9888
12.8477
18.1286
13.0144
12.9574
12.5361
13.2053
21.0413
19.9719
13.0111
23.5882
19.8227
15.5082
15.3774
15.8228
15.7301
13.3352
18.7632
14.8833
16.6367
13.2923
13.0812
17.5885
12.8281
13.177
13.0507
13.6358
14.4359
17.9364
18.0017
14.0015
13.8989
20.7923
13.6052
13.9499
17.3287
12.8335
12.6071
15.9822
20.6329
16.7438
16.6645
14.9438
14.4757
19.3137
14.1244
15.3974
19.1557
12.7634
14.6622
14.8553
14.4518
14.5134
13.1847
13.3217
14.4905
16.5162
19.5122
16.7633
19.5728
17.8352
12.6727
12.8427
12.6233
13.1653
21.7023
17.5292
14.3024
14.8543
20.0038
15.9319
20.4764
16.7026
13.1203
20.8877
13.3917
13.1903
13.2702
13.3671
18.9692
14.0956
15.4336
13.9543
15.5295
19.2979
14.255
16.6728
13.419
13.4458
14.5858
18.3493
18.5451
13.5229
17.785
18.8006
18.7449
12.8483
19.4109
21.5484
13.2005
13.6541
12.7594
12.7801
15.5066
12.9463
13.5107
27.1484
18.8858
13.2444
19.735
14.899
12.9943
15.3873
13.3743
12.5442
15.1221
13.2259
12.4606
20.41
13.3912
13.0417
14.1628
13.395
18.4928
13.5533
15.1492
13.082
14.8211
12.9507
13.283
17.2708
14.6595
14.8915
14.0485
15.1317
16.5395
13.6149
13.1079
13.3078
15.0212
19.1843
18.6447
12.3528
14.3538
13.1057
19.9312
20.6708
14.1887
16.724
12.9813
23.3457
13.0803
21.4723
13.0772
12.6375
18.0033
13.6597
13.1003
13.128
14.2569
17.2949
14.3633
22.0736
15.4721
12.9462
19.7323
13.3903
15.159
13.9745
16.5349
20.113
12.5896
16.7563
17.4068
13.0915
13.3551
18.1768
15.7461
17.5971
18.434
20.1642
16.8799
19.0543
13.5954
13.536
13.3604
15.4603
17.6482
15.7201
13.4825
12.7895
13.042
12.7481
12.7519
13.6033
12.9114
13.9438
12.5111
13.8395
12.7368
14.6129
13.818
13
12.9351
12.8268
12.6668
12.7995
13.0421
12.5796
13.0429
12.7212
13.0042
13.1292
12.4271
17.3283
12.5448
13.3821
13.0537
12.6265
13.3519
17.6159
18.3009
13.5159
12.928
15.0818
17.5925
18.0463
19.7099
14.8004
12.9664
13.2374
26.0557
15.0873
20.1576
16.2931
14.4618
17.4415
12.6331
14.4397
13.3318
14.7902
19.7954
12.6807
19.026
18.9038
13.4102
13.9775
14.3247
20.1992
23.0572
13.6267
15.6094
13.4113
19.9472
14.2283
20.0465
17.9859
17.6512
13.5557
13.4739
14.088
19.3427
15.1732
12.726
12.6697
13.4862
12.9929
14.9627
14.5843
12.4458
12.8088
12.5925
13.6876
12.8141
15.6711
12.5267
12.5006
13.7118
14.3557
14.6846
18.4439
12.8955
13.3614
18.8248
13.5704
15.9646
19.0889
14.9688
13.2721
15.373
16.4127
13.6178
13.2109
19.0699
12.9748
17.6818
19.652
14.3662
21.1019
14.9354
14.3544
13.2292
13.1367
15.2332
15.6913
14.6712
14.9737
13.8867
16.827
13.0354
15.235
15.3177
13.7973
13.5223
14.5136
12.9385
20.2224
12.8845
13.209
13.4449
13.4302
13.4218
16.0223
18.7363
14.9641
19.4224
19.4498
18.3857
24.0146
20.6024
14.5791
19.1287
13.9427
15.0279
16.7154
15.9735
15.5981
14.7601
13.414
15.4051
15.4187
13.1572
13.098
12.735
17.3082
13.6264
12.8845
13.0264
13.4395
23.0958
20.2347
13.3634
13.5534
13.5377
18.5472
18.893
22.0998
12.7272
17.9372
18.6049
15.0043
15.1835
13.5365
14.941
13.5487
15.3682
13.8327
13.9081
18.0259
14.7991
15.9518
13.3071
15.434
13.739
15.2658
13.7625
23.9574
17.4164
14.1172
20.2259
23.1913
16.7292
26.0884
14.7854
14.6546
13.0112
12.8152
15.9628
13.1641
12.9598
19.49
12.4991
12.612
12.483
20.5878
15.81
15.6947
12.75
14.1404
13.5335
14.0804
19.5548
14.462
13.4218
12.6158
19.8149
12.6788
19.4988
14.2118
20.1994
12.7955
12.5132
16.2605
12.934
13.6813
12.7289
12.8809
12.7279
15.9236
14.2967
13.2069
14.2895
22.0223
17.4616
13.1763
13.0087
14.2039
21.8715
13.6465
14.342
14.9154
13.2972
12.6845
12.7217
12.5021
12.6733
12.5038
13.1314
12.8138
12.9741
14.7674
13.572
27.1784
14.8184
15.2206
12.8951
19.0919
18.7986
18.7601
13.1715
14.7814
13.6636
16.0713
15.3138
15.5797
13.3688
12.9756
14.8645
15.4142
15.8655
22.1661
13.6608
15.7103
18.2549
13.053
19.5122
12.7017
13.7173
13.1996
18.742
18.9816
16.9613
13.6555
13.4565
13.5096
19.9053
13.0468
13.7237
13.9654
15.744
13.6843
15.5874
15.6904
17.274
15.6946
24.0871
17.6597
16.3141
15.7024
20.1285
13.9712
12.8577
19.3414
18.4788
14.0012
14.6269
17.2273
22.9414
22.0808
14.687
12.6941
12.7412
12.6317
12.7827
13.1343
13.0524
15.7182
17.5423
13.7876
13.3493
13.3027
19.2945
12.9046
15.7975
18.9885
18.0354
17.3464
17.3146
13.3532
13.3879
18.0981
16.5013
12.6602
13.2094
12.5666
13.1501
14.2911
20.0878
14.643
18.5355
20.1047
15.2002
15.3623
17.4498
14.8553
14.6726
13.0233
15.1615
20.0193
18.9412
15.94
21.8238
13.7564
19.9076
14.1709
13.5637
12.7103
13.592
18.9157
17.3437
12.6369
17.3535
13.917
19.2915
14.0987
12.6815
16.775
15.983
16.8854
20.0463
14.6104
18.2269
16.099
18.6952
13.7327
14.3859
12.8551
12.4429
12.8924
12.6726
21.11
19.0221
16.1358
15.647
14.2478
13.4678
12.7385
15.1401
13.2429
13.0407
12.8003
12.5246
14.0851
13.0182
12.8196
12.5756
12.7078
13.4026
16.6841
18.8326
20.2132
19.2102
14.706
13.4193
18.6218
14.7853
15.1045
13.8391
18.6107
18.7302
17.1251
17.0254
12.8316
16.2664
20.747
20.7504
15.1037
18.291
18.7389
17.9999
13.7609
15.3922
13.7023
13.387
13.2501
20.7861
13.3288
18.7803
19.3481
14.7542
17.9203
18.0343
21.1403
12.4908
12.5814
13.1179
17.2462
13.5738
15.2296
15.0527
13.3678
17.4871
14.0852
15.0437
19.3617
13.0754
12.8593
13.1427
12.9264
13.2533
21.0467
13.499
21.2747
13.5567
13.6299
12.9254
15.5789
18.9139
15.6861
13.222
13.2682
17.1172
16.7973
20.6099
16.6863
14.6954
15.1539
13.3995
15.1569
12.6218
16.4896
18.741
13.1213
12.7734
19.8848
13.3303
13.4575
12.8025
12.9764
12.6486
12.73
12.9406
17.7169
13.87
18.8562
15.5905
22.1336
15.488
18.0747
13.9036
17.6419
18.4034
19.2341
13.9403
21.52
20.3978
16.968
12.9105
14.6163
14.0003
15.3334
14.9272
15.0754
13.6818
23.2138
13.3547
14.7072
18.1302
15.89
15.5024
18.4946
18.914
19.3217
14.9462
14.96
13.6305
15.064
20.9319
13.0799
15.8877
12.7234
16.7035
14.8281
13.3898
15.9811
18.6574
18.301
13.5896
12.8082
17.691
17.7554
14.5228
21.0788
16.3626
24.2377
13.6337
12.835
15.6677
14.6394
14.6807
22.2072
15.0941
20.8199
13.6223
12.7866
13.9812
12.8143
14.7863
13.5079
12.5934
12.6305
14.1648
13.1486
17.8273
17.6522
19.1032
12.8096
14.8964
13.1085
13.4063
16.1607
12.78
18.5031
15.0658
12.5936
13.1617
12.5726
12.9338
18.7097
17.7449
16.3791
14.9452
13.1417
13.2643
18.9144
14.4976
20.1937
22.3558
18.1137
12.732
12.9855
15.835
14.8047
22.659
20.916
18.9613
14.425
17.386
13.1438
17.1828
12.7925
12.5698
18.0818
19.3139
19.9274
13.5926
17.626
15.0099
16.2533
13.691
13.1812
13.4365
14.3383
15.4672
12.9352
15.6543
13.1708
15.3014
12.8671
12.9911
14.1177
12.6215
13.3956
14.7166
13.5756
13.2593
13.1019
12.5364
15.9373
13.0282
15.5574
19.4808
12.6288
13.0356
16.9286
18.4878
17.8897
12.976
16.8436
15.3835
20.3756
15.4009
17.1241
20.6617
17.7407
14.6828
13.3976
14.3533
17.1234
14.0127
12.6193
12.6903
13.4419
17.6968
19.4805
12.7894
15.2468
18.9649
21.1193
17.9358
13.5183
16.4635
19.2151
19.9585
17.3955
17.1573
12.8149
22.1505
18.1891
19.5014
18.7552
13.5569
15.3325
18.383
13.679
21.8139
15.1644
17.4507
16.2957
14.1055
21.8118
18.4231
13.5489
13.1299
18.2233
23.7709
15.9521
13.5396
13.6542
13.0051
15.1067
12.7353
14.6859
12.9934
17.8703
20.6967
13.61
15.39
18.5545
13.3299
13.3144
15.0425
12.7338
15.094
13.8232
13.0778
18.0324
15.6076
18.1019
19.4508
16.6174
15.6187
18.8002
18.4903
18.4041
15.0019
12.9224
18.5437
17.5713
14.6403
12.8182
12.816
16.3691
15.2481
13.0916
13.7799
17.7674
19.8852
17.084
12.759
13.7478
14.0581
12.7374
15.2751
12.6789
12.5894
18.747
20.2847
14.5059
20.9777
12.9105
20.708
12.6232
19.3355
17.9292
13.3531
19.1547
13.5842
18.5941
15.9851
14.5196
13.0605
22.096
20.5556
14.8278
18.6829
13.6991
12.7334
19.3066
19.6754
20.3751
13.4886
15.7354
24.8777
13.2072
17.0987
19.0577
17.3117
12.7831
15.7336
20.1691
19.1035
13.4704
17.6018
20.9215
18.2055
14.5992
15.1528
16.8743
19.725
13.5923
17.2095
20.4731
16.6383
18.0199
13.0023
19.0746
15.9178
13.5766
15.8552
13.3444
12.7059
12.5253
14.8653
14.9435
16.3705
14.2056
12.6107
13.0798
15.5276
15.5226
16.8283
15.2738
13.5281
16.3107
15.7403
16.511
14.8177
16.5088
12.7992
17.0092
15.644
14.4933
19.3144
15.8744
13.0917
14.2334
18.0593
18.9045
16.2081
12.9364
15.7762
18.2934
14.0685
16.3279
20.2389
13.3521
15.1683
20.6085
12.6457
16.748
18.7074
13.4827
18.8353
13.2121
20.123
19.7958
15.4613
18.715
18.4545
17.4427
18.8676
16.0632
18.2275
12.7462
20.3626
15.3499
17.1672
19.0401
12.6863
15.9718
12.6028
14.0164
14.0312
18.7752
16.3638
14.3446
20.3134
20.3471
19.7171
15.3147
23.2205
19.6056
13.2512
13.027
16.1234
15.5226
13.3464
15.5088
20.294
19.9758
16.7097
12.8035
16.2658
15.544
16.2
20.5699
19.6859
13.2441
18.3344
14.064
17.1114
16.2524
17.0438
13.5852
19.4695
16.5338
12.5311
21.3368
14.2331
13.2525
20.5581
17.9811
13.7671
14.3171
19.7993
19.0444
13.3503
13.3024
12.9825
14.3661
14.2935
12.8417
13.6272
14.0164
19.3097
12.8399
22.2607
19.5366
17.2145
13.1589
13.5778
17.9638
15.4213
21.5285
19.1861
15.8031
16.6368
16.5335
14.4063
12.9726
19.9197
12.6737
13.0493
16.4324
13.1436
15.3274
13.5072
12.7742
19.6459
17.5075
13.5193
31.3177
17.052
13.1844
16.5261
13.0561
18.731
15.5196
12.8734
12.7455
18.035
13.2946
14.2933
13.3431
17.7317
17.0756
17.9728
15.5589
16.2989
13.6213
14.0911
18.8182
13.2619
19.2685
14.6139
13.2874
16.9531
19.0071
17.5846
13.2994
18.5546
12.8328
14.8268
13.0676
13.1772
13.687
12.6368
13.2282
14.5848
17.3662
15.098
17.2215
15.9578
23.2494
18.6996
20.7808
14.2273
17.4082
19.2737
15.0588
13.079
14.1348
15.4369
17.3259
17.6043
18.1168
16.539
19.7206
15.4623
21.5654
12.6254
19.0285
16.683
15.2435
15.7655
20.1199
21.419
17.2047
20.6119
16.2698
14.4506
12.9922
15.3687
18.4839
25.751
19.9627
17.6758
13.7364
16.4661
20.8783
16.0447
12.9777
13.5961
13.39
22.4683
13.4092
18.9644
15.9951
13.1399
17.9877
13.0691
19.287
15.1909
14.7048
19.4674
13.8852
13.3953
14.2205
15.6717
16.5019
20.3371
14.5694
15.984
14.0516
12.9003
18.3855
12.9166
12.882
25.3837
20.377
13.7391
17.1814
17.6867
13.1084
26.1816
22.3326
13.4947
19.7799
15.1873
12.5749
15.6052
16.4907
21.6786
22.2116
18.1483
19.3025
16.0083
18.5948
18.4278
12.9438
22.7508
16.2647
12.7316
15.8098
21.8793
20.1228
16.1297
18.1821
18.302
16.6646
16.6782
16.5485
18.5741
21.1523
12.6955
15.1952
17.0916
16.4363
14.0553
12.8125
17.8287
12.7301
18.6328
19.0105
31.851
15.0645
20.2759
13.2921
12.707
13.1553
12.751
18.9189
13.4327
14.2644
12.8436
20.3768
20.5944
19.7193
13.0296
13.0382
18.7818
13.23
22.3058
19.883
16.4193
17.0411
13.8233
12.8403
15.2111
13.3465
12.7961
12.6738
13.1797
12.9966
14.1402
17.7272
13.7692
18.0818
17.1769
19.7343
20.6422
16.815
20.5587
15.9691
13.4573
13.1835
13.093
12.8501
17.8029
12.7683
13.0388
14.44
19.3691
16.3293
17.9335
16.9621
13.9312
19.828
14.5406
17.3572
16.0768
13.8631
12.6478
18.1353
13.0823
20.3153
13.08
14.4184
15.7229
12.6148
13.1961
12.6469
14.9544
13.3149
17.6496
14.7285
13.2438
16.8828
13.0031
14.313
18.6059
18.6724
13.473
19.1552
22.0431
15.5872
21.0163
13.937
16.5102
16.716
14.6422
12.8927
13.8203
20.1404
17.3928
13.0114
18.6995
18.3132
20.3128
13.2886
16.7595
17.9884
21.101
20.919
17.0895
21.8891
20.7118
18.5797
16.3365
13.3913
15.4867
12.9398
15.2892
13.7306
21.7685
12.8703
13.9654
12.7891
16.7091
13.245
12.6993
19.2401
14.1847
13.226
12.9187
18.6664
17.4475
14.4369
13.3337
13.213
13.3478
18.0308
12.6804
19.851
12.6903
19.1111
20.6491
14.7643
21.917
13.6778
13.8425
14.8272
15.6552
15.4827
13.3458
13.2734
18.7036
20.1698
20.7177
13.0018
18.0475
15.226
18.9854
16.5194
12.5986
18.4462
17.6945
16.0452
15.5617
13.1789
19.7169
16.8949
13.1734
14.3514
13.0632
13.4165
20.0037
13.6342
18.8972
13.0567
14.5634
13.047
17.2614
15.4979
13.1701
14.8054
13.354
13.8396
19.4017
19.1566
12.6834
15.3928
13.9185
19.9559
14.6705
13.2765
16.5862
14.0359
17.4541
12.7156
14.1491
14.369
16.2351
16.277
18.5401
15.1872
17.431
22.1964
15.918
15.2057
19.2221
15.1904
13.0809
17.7353
13.961
19.0822
14.9596
13.0821
15.0114
17.1653
19.2031
12.9187
14.6324
19.9675
16.1144
15.5312
13.1888
16.3369
16.6254
15.0998
25.3079
15.5934
12.9707
12.8358
14.4467
13.1355
19.7057
12.7206
15.9621
13.2864
16.8031
12.7979
17.5497
21.9927
17.0647
14.8297
14.742
13.6941
16.076
15.2518
13.4387
18.0333
15.6228
13.157
13.3618
13.6598
18.3924
17.8014
17.3156
24.1666
20.0927
17.1677
13.2689
20.2896
18.313
12.5615
13.1548
15.6958
14.0601
20.8164
19.9524
12.9764
20.8858
16.3164
17.7
13.2622
18.7883
15.2122
18.8717
14.6933
17.4563
17.289
12.7572
20.3065
17.4041
20.1593
20.272
17.8353
15.287
15.1359
13.8792
13.1322
13.083
13.9451
16.5284
13.3184
13.0166
13.8316
15.4666
18.2194
17.3604
15.2043
15.9333
21.3268
13.8799
17.9754
13.7313
14.6662
15.6622
16.4292
15.4409
22.6237
21.7864
18.0069
14.8963
14.705
13.7282
14.6096
19.2904
14.7834
17.6278
19.6581
29.3369
13.5221
15.3807
18.38
14.1236
17.7465
15.1715
19.9375
15.2173
14.9781
16.2104
20.7266
13.8118
13.2569
16.5335
16.267
19.816
16.4635
13.3333
17.6493
15.6442
17.6455
12.9343
17.3309
19.3895
15.984
18.9832
19.2831
15.4826
13.9948
16.3677
16.8466
12.7596
13.3876
17.0985
18.0328
12.9729
17.1965
15.1933
23.9378
17.4031
16.9542
19.2488
14.5557
16.8886
18.449
13.284
19.0168
14.1698
16.3398
13.0398
19.9327
20.5349
16.2834
19.2554
15.2761
19.2549
19.5955
17.6309
13.6424
12.9999
13.05
12.93
15.6082
13.2261
13.0137
14.7402
14.9827
17.9129
20.178
13.0101
17.6883
18.8628
12.9819
21.6921
21.1561
18.4881
17.7371
16.6618
19.4551
16.6329
21.3306
20.8213
12.7552
13.1861
12.9774
13.432
12.4746
19.6969
12.7286
12.7965
13.9144
14.0517
15.7296
15.59
14.2091
14.5171
13.551
13.0734
21.5374
14.8263
15.6556
24.2875
19.7004
13.6126
23.4791
12.9661
18.5909
17.5107
14.8398
14.9917
19.9958
20.0445
12.5735
18.0219
12.8356
20.9264
15.7756
15.1011
14.1788
13.7753
15.2208
21.9654
14.509
16.8564
20.6455
21.8532
13.3504
20.384
12.3666
13.2649
13.4681
12.8165
12.4571
15.4419
12.752
15.7866
18.0409
16.0502
18.3826
14.5786
15.6208
18.4876
15.1293
14.1301
12.7169
15.0906
12.8414
12.8015
19.0017
16.0251
22.4219
20.1934
14.0245
17.6289
13.9223
13.1234
18.4282
16.0763
13.451
14.3684
13.7171
13.185
13.0662
13.687
21.1922
16.0468
13.0965
15.0002
17.2053
13.9893
14.943
20.4711
14.6677
14.6708
13.6233
13.5498
19.4375
12.8622
14.3444
16.8808
13.9786
17.7603
13.2003
12.9168
16.6578
15.3813
13.1708
14.2347
12.9468
13.4882
19.4497
17.8158
19.2387
15.8753
15.6021
17.1828
17.8393
15.2939
15.0971
12.6261
12.6414
13.4355
14.9112
14.8513
16.3479
19.7685
35.6975
14.6273
20.9937
17.1026
17.3213
18.053
14.1093
19.7268
14.8309
15.0678
15.4589
15.975
12.6148
14.6218
20.6765
15.5586
21.6812
19.3418
18.9079
16.9758
12.4983
12.5677
16.0226
15.4362
15.2667
16.3249
14.9652
13.9719
13.8051
19.9343
18.2674
13.6136
13.2222
17.8116
20.5486
19.5093
14.3027
12.7123
13.7205
18.986
18.7075
17.6437
14.1718
17.0714
18.588
17.2983
12.6705
12.9262
19.8228
17.8554
19.7723
14.7814
18.9463
17.2732
17.429
19.1729
13.7331
21.2433
18.4559
18.7744
13.2893
16.6026
12.7877
14.5918
16.2276
15.5653
14.282
15.5708
14.8577
12.552
18.3773
18.535
13.0831
14.4486
14.1509
13.4403
15.7108
20.6244
13.1343
13.1329
17.1321
13.0703
21.9423
18.3065
18.4235
13.4853
20.4814
13.1796
20.8368
15.6338
14.4285
16.5521
16.5963
17.9302
14.6182
18.1704
17.2866
13.1804
13.2372
12.6843
13.5806
18.1024
15.2552
18.7008
17.3425
19.5137
13.9753
15.5859
12.8275
19.6164
17.7722
17.8326
16.6808
24.7958
24.0299
13.9537
16.9022
18.889
18.4935
16.9426
17.7131
21.2388
13.0997
17.2834
13.4734
15.152
13.6302
18.8215
20.1275
14.0919
15.3319
13.3376
19.1091
20.0201
13.1729
13.0445
20.0196
16.5897
22.8388
13.7968
13.4699
12.5354
18.613
18.0884
26.3334
17.0194
16.8896
15.9713
12.7155
16.808
13.6374
12.8658
20.4233
12.6093
18.9329
13.1113
12.752
12.5496
12.8999
12.7336
12.8538
17.4521
15.1782
17.0961
13.3099
12.9183
13.0175
14.5373
19.0994
13.5752
20.8002
13.3111
17.1783
13.9991
12.9615
17.0023
17.1986
13.9145
13.6855
17.1402
13.8129
18.0368
20.7218
14.888
13.2118
14.7539
19.2136
17.7251
12.6559
12.9698
16.7322
14.9867
15.8591
19.3166
13.3739
19.9636
14.7064
15.4948
16.296
12.8225
17.0663
13.3267
19.5503
24.1887
13.1457
12.9553
13.7741
15.5301
16.9526
20.7459
14.6171
16.3772
15.3652
18.2222
13.1643
15.8681
14.6822
19.8361
16.8874
12.9727
12.8918
18.7768
22.2426
21.1541
15.5931
18.1156
12.8375
18.2551
18.9344
14.4427
13.0044
14.9261
14.5287
19.2653
18.4268
13.6243
18.16
13.1459
17.4499
12.6905
20.7442
14.7208
13.5991
12.8318
12.8025
12.9621
13.5497
12.4989
14.6072
12.9165
23.2958
13.0224
16.2181
17.8659
18.6791
13.8109
12.9246
12.6297
18.4602
13.4669
14.2932
19.3444
18.0699
15.2219
12.8639
14.879
13.6396
18.502
12.9282
34.5852
21.7415
20.0951
16.9174
19.1105
13.1485
18.2373
15.0275
18.914
18.9393
12.839
13.1264
12.839
18.8399
12.9546
12.6301
13.6486
21.8481
12.8213
13.1474
12.5905
16.5467
18.4002
15.1727
13.1425
13.5357
14.1037
13.8193
12.7871
17.358
18.6683
13.5214
12.8659
13.1889
14.5809
12.8174
12.7709
17.0605
22.2151
12.8442
12.4348
16.4985
12.5602
14.5102
15.0258
15.2237
13.2547
13.9657
13.6265
13.6564
12.8214
16.4281
13.3451
12.7017
13.735
12.6648
12.7069
13.7665
14.568
17.1659
14.7587
14.8073
12.4685
15.8046
12.7584
13.1071
12.8089
20.3126
14.9824
13.6364
13.1225
17.6449
16.479
21.6537
17.2661
17.6541
13.3587
22.8246
16.4761
13.3577
15.6478
13.0736
12.8481
13.214
13.147
12.8394
13.0348
12.7422
13.1455
13.2485
12.8896
12.8946
13.2042
14.8423
13.6839
14.8138
12.8431
12.829
13.5629
12.6435
13.2574
12.61
12.7758
12.6794
12.6389
17.4845
13.4019
19.1705
12.6529
14.7528
13.0286
18.2341
12.8201
18.5543
16.624
18.4779
13.3233
14.5624
18.3691
14.705
12.8023
25.7951
13.0063
18.9262
14.674
17.169
13.1443
13.171
13.1951
12.9992
13.5757
13.2124
12.9266
13.4014
13.1673
13.0241
13.7924
13.5102
13.5066
14.2748
13.1892
12.692
13.533
12.8331
12.6499
12.7283
12.7389
13.5185
12.9757
14.9547
12.6794
13.2048
13.52
13.0954
15.9146
18.3628
17.0296
12.7133
14.4664
16.1963
19.8615
15.3314
13.7198
13.9443
13.1708
21.4474
13.1254
20.3069
19.1331
13.2047
13.9988
12.7536
20.0735
15.9915
15.1878
13.2206
13.1983
15.0338
12.7482
13.5575
18.3978
17.0911
17.3059
13.2744
12.9762
12.7482
14.094
13.1728
14.4156
13.0255
17.6124
16.2581
21.8357
16.0199
14.9382
15.8047
19.0938
12.7207
13.0673
18.4648
15.6494
13.5517
13.2358
13.7595
12.6749
13.498
13.2939
19.8969
15.1775
18.2014
12.7956
12.969
13.2409
15.3716
20.1986
17.3664
18.0272
13.749
12.6253
19.9488
22.0027
12.995
13.4507
16.2507
13.3496
13.7387
12.916
13.0281
13.9427
17.9202
14.4909
12.6755
22.8658
13.8726
13.4218
17.9536
16.3239
19.0569
12.8251
17.0175
19.1657
12.9651
14.5407
13.0701
14.5627
15.7817
14.1581
12.8699
13.116
12.7167
16.5624
14.9097
21.3466
16.9734
13.3116
21.6335
17.5203
13.145
12.6412
16.8502
16.5186
17.3476
14.7852
19.3789
12.9184
13.192
14.1941
12.7577
12.7937
15.0672
13.5428
21.7191
19.0357
16.9623
13.2504
13.1256
15.7708
15.271
12.6716
18.3926
13.1829
12.931
20.2236
13.6579
14.2743
15.7918
13.3346
18.5713
17.7457
13.3486
25.0679
13.0634
18.293
12.987
12.6478
16.8042
14.1394
13.0132
12.6958
17.7243
15.4668
12.6052
12.9346
12.5443
18.8925
13.1208
15.3524
18.4895
19.2291
12.9257
16.0449
17.076
16.6722
16.8727
16.8915
20.8988
12.7373
12.7157
12.8968
13.2305
13.1978
12.9948
12.8223
15.1166
12.6136
13.4718
12.9518
14.5202
15.7703
13.4397
13.5185
13.1679
14.414
13.2294
12.5877
14.957
14.288
14.8268
13.029
12.666
13.0812
12.8822
12.7659
13.6338
14.8036
12.9241
13.3111
14.9318
12.8633
12.9383
18.9515
13.3579
13.1248
19.3655
12.6586
12.6677
13.1113
16.7665
14.5097
17.1122
13.0899
16.0027
12.6707
12.937
16.665
14.0699
13.3337
13.4134
14.7111
14.1192
18.3749
17.2952
12.6044
12.6164
13.3436
12.9472
13.5876
12.9872
12.8302
15.7227
12.7944
12.8721
13.7707
15.9526
14.0847
12.7197
12.9824
12.5005
12.6222
13.9899
12.5423
13.3793
13.0926
15.5709
14.8135
18.1544
13.3572
13.4314
16.0759
13.0711
15.7937
15.0005
15.3615
16.6401
13.7402
18.0612
13.4528
13.3498
19.749
15.6044
15.5935
19.3731
12.7858
17.4923
15.3816
12.9723
17.481
17.7628
14.682
14.9404
13.0789
22.7806
13.497
18.5727
14.468
15.3912
17.8318
14.9799
13.7472
12.982
12.6939
21.8874
13.747
12.6399
14.9089
14.7472
16.7005
15.6456
12.8403
20.995
15.0148
15.0463
13.7114
15.1526
22.4416
15.3991
21.4233
17.1172
16.2491
12.7114
19.6645
15.6864
14.7925
15.6778
14.6329
14.3814
18.2735
15.9612
22.8379
15.8429
12.663
14.2943
15.2416
15.1465
12.6452
14.8274
12.7435
14.1968
12.8001
13.2198
12.8642
13.3743
20.296
12.6785
13.4171
18.7659
22.1458
14.1309
18.9495
15.4491
18.269
12.7259
12.9016
14.6668
19.8262
15.234
13.4472
19.1186
13.9231
17.3508
17.569
13.5605
13.0842
13.512
13.1477
14.2244
12.5083
21.3119
14.0076
14.6992
13.1189
12.561
20.569
16.4268
13.1416
21.4375
23.3528
19.0605
13.6363
17.2447
21.0967
14.6508
14.82
13.3592
17.4301
12.6713
13.3821
14.3267
13.6485
16.539
14.4845
14.9318
20.0256
13.1938
15.2886
12.5535
12.7988
18.4021
15.0485
15.4353
15.3567
13.4724
16.5954
18.5268
19.1605
13.4376
22.0762
13.2979
17.2865
15.6037
13.4206
14.6037
13.1547
13.0793
19.9548
12.5266
16.0711
24.1911
15.0763
18.9675
20.5888
12.7888
12.7965
16.0356
15.4964
21.355
19.9394
13.0702
13.2727
13.1188
12.3735
13.1639
12.3851
13.2431
18.9894
15.9136
13.721
15.9034
17.0177
14.9604
19.8698
17.6608
22.0011
19.4351
16.4293
16.5981
16.4678
15.3582
13.8501
12.6811
16.9747
16.1594
20.4997
20.5568
19.3594
13.0511
12.9396
17.0058
16.1012
12.6946
14.3171
19.518
18.0986
13.0302
19.4967
15.2414
14.9852
17.1308
13.2317
14.2353
18.7932
19.4352
15.68
14.8098
13.1967
13.0318
13.0979
13.4318
21.3361
13.8531
13.0324
13.7006
12.6511
17.6259
13.7173
12.6973
12.8773
12.4187
12.8674
16.3511
13.3393
15.31
16.2802
16.2174
18.1634
15.6364
19.9537
13.1991
18.3461
24.3875
13.0167
12.6343
16.6846
18.9594
13.656
13.2986
15.2618
12.688
12.8618
18.4002
12.8347
12.7716
19.3567
13.1014
12.7714
19.6421
16.9599
20.0478
22.3677
13.3028
13.3307
12.7858
18.1771
19.1262
12.9116
12.9514
13.2076
15.7489
18.2454
13.2156
17.3797
13.3499
18.2258
14.413
14.7085
16.128
17.7548
13.9879
12.9358
16.4675
18.8074
19.4701
13.8434
13.3346
14.1315
13.3151
19.96
17.735
12.9319
12.9933
18.0402
13.1525
14.0517
17.0044
12.8433
20.284
14.9927
17.5999
15.8656
16.1454
13.8561
14.9267
18.4078
13.2841
21.2724
13.3954
21.1568
13.3053
20.2632
13.1686
13.3123
17.4957
13.7844
13.2506
16.8942
18.7002
16.9475
21.1852
16.9422
12.953
17.0088
13.5785
19.68
12.8074
16.3028
13.0864
18.1627
14.1367
13.241
12.6069
14.7193
18.6779
12.8839
19.5437
14.7628
13.7034
18.219
14.9743
12.5992
18.1042
12.9846
13.263
13.7878
16.8074
13.0403
13.0636
13.6311
18.0577
20.8529
12.8191
16.916
19.27
19.314
15.7909
14.6742
17.5966
19.4529
15.4276
26.9391
15.1704
15.2941
15.8759
17.3728
13.3332
19.3229
13.8691
20.0537
15.8769
12.626
21.0818
13.2986
19.208
13.3144
17.3627
12.9078
20.6969
14.5566
13.294
21.2934
20.2165
17.451
14.7764
14.5917
14.6454
15.1059
13.0863
15.5645
13.3698
19.6933
15.4304
13.2428
20.2359
19.1816
22.8727
13.2393
13.4548
20.1112
15.8337
14.7408
15.322
13.2659
16.8226
13.2186
15.1937
13.9093
16.3312
13.7633
12.7183
17.454
15.7174
19.713
15.5807
13.7292
15.9706
12.922
14.51
13.4892
14.2812
13.1308
16.1491
23.759
14.7235
20.9079
19.3146
12.6854
13.722
13.7805
13.5687
13.7405
15.0683
14.533
14.4287
20.4395
17.6836
18.997
18.2431
15.663
12.5403
13.0532
13.1293
12.7696
15.41
18.325
16.1332
13.2836
17.7124
18.3998
13.9042
15.9877
13.3439
14.1455
16.693
15.8386
17.8168
15.5955
21.5134
21.0998
15.5529
13.3523
13.0189
12.7093
13.0688
13.8505
13.5928
14.3144
13.024
14.3589
13.1206
13.6183
12.6673
13.5026
12.9921
13.3413
13.2579
12.5451
13.4465
12.9054
13.1347
12.6534
13.4384
12.7962
12.6277
12.8668
12.7909
13.2887
12.4662
13.4075
12.4507
12.7313
12.671
13.0823
12.623
13.3718
13.2675
14.1119
12.8637
16.2244
13.2829
18.2478
16.8472
23.0068
17.1249
13.6152
15.7757
16.1951
14.6954
18.3922
21.4021
14.697
20.1171
14.0661
14.7515
13.3174
20.0931
13.1936
12.8557
13.177
15.1835
18.6151
15.4563
12.629
12.5619
12.8099
12.9281
13.0736
13.4073
12.9713
15.0891
13.6328
16.0079
14.7086
14.3044
17.5223
12.8342
15.6025
18.8678
19.1213
19.4223
13.3515
13.4167
14.8082
18.4068
13.6743
17.4531
20.1056
12.8843
14.6696
16.2175
15.7449
17.9192
13.5371
16.5294
16.158
21.5814
19.1132
13.02
18.0125
17.6421
17.5368
12.5761
15.013
12.8804
20.0479
17.2147
13.3786
13.5142
21.9709
13.5985
12.9762
13.3592
15.9662
15.7161
13.498
15.2943
13.2737
12.4579
13.8657
22.9379
20.0383
16.6303
14.9819
18.4417
19.6294
14.201
13.6687
17.7206
12.7196
13.4755
15.1527
19.631
18.4567
15.0451
15.7535
18.7634
15.6884
13.26
16.9477
13.2592
23.7771
13.8206
15.657
12.6773
12.6069
20.8293
12.7092
17.6209
15.6096
13.6504
21.8665
17.3286
13.0473
13.4446
19.1345
18.7085
13.3421
20.0858
19.4227
16.3586
13.7381
13.9299
13.8274
14.5704
17.1888
16.1413
14.1913
13.6016
12.5473
15.2019
14.6674
13.1839
12.7523
12.7352
12.949
12.6233
14.8345
13.0595
12.6423
15.2904
15.5026
15.5341
13.085
13.4071
14.3535
13.5445
13.9981
13.6206
13.2099
17.9758
13.6141
12.6682
18.9591
14.9489
17.2135
13.251
21.3029
16.0177
17.8318
14.5461
14.8794
22.0663
15.6405
13.0058
18.0106
15.6863
13.1132
21.0464
13.0041
13.0894
13.4624
20.1169
19.69
15.0713
14.9291
14.2804
15.8658
23.522
13.5415
12.838
20.3428
18.2217
17.4694
13.3752
13.2246
12.9614
15.3572
18.0093
17.7224
18.9754
12.8157
14.5294
16.309
12.6282
12.7419
12.8072
13.4446
13.4134
21.3894
12.6065
12.8198
15.8276
16.4153
12.9782
12.9061
14.8672
12.7908
12.9207
14.2933
16.3411
12.6173
13.6929
13.5095
25.4892
17.5549
13.3507
19.164
13.0426
19.9886
20.0187
12.8572
14.7871
17.9821
12.538
13.7838
15.7549
18.4137
16.1073
18.3632
15.1763
13.56
15.2788
14.543
14.5658
15.8705
16.4915
12.9132
15.97
12.5277
12.5863
18.275
14.1336
12.6729
15.7758
13.6626
17.1697
14.2041
18.0376
15.8005
12.8749
13.5184
13.7605
14.0706
13.4316
18.4521
21.1557
14.8282
23.6359
15.7774
15.8223
14.5697
13.2679
12.951
15.1211
14.7768
16.3098
15.8661
13.0434
20.1621
17.1035
16.6615
13.1809
18.3937
13.7228
20.3459
15.0861
18.9735
14.587
14.6735
13.8902
13.2239
13.279
17.1993
12.8204
15.4154
12.8423
15.5898
15.6049
18.6505
14.0901
12.7669
13.987
19.4371
12.9516
20.2488
18.196
13.8501
20.2835
19.3076
15.8089
14.5813
16.6038
13.2424
13.7423
15.3595
17.8356
19.5723
14.8876
13.251
12.9733
13.9947
13.4622
18.461
18.6856
12.6405
16.9377
13.557
15.8184
12.939
13.0114
14.0666
13.4765
19.106
17.7769
16.589
12.7289
12.6981
19.8409
13.558
12.6162
19.7308
18.4184
19.1697
17.4411
12.5313
17.8492
12.8533
13.4184
18.4899
17.6334
18.4697
12.7285
12.9413
13.0757
13.6293
12.8919
13.0486
19.65
15.9547
16.0917
13.3134
15.6705
13.3979
17.7904
17.2624
23.3325
13.1216
20.5257
18.7661
15.8889
18.5117
13.3483
21.1313
13.1282
18.9701
13.1719
13.0926
21.104
14.6347
18.6812
17.1549
12.5504
18.1438
15.3942
13.1424
20.7209
16.8087
17.533
16.1203
12.6306
13.1263
20.5984
13.116
16.6341
13.8042
19.2289
15.2585
14.6998
21.8171
13.4229
20.7395
17.4452
19.4825
18.8091
12.9876
15.154
13.1552
12.9701
12.8037
13.7366
13.0204
20.1023
13.151
14.2622
21.1712
12.8169
14.8705
13.3387
13.0988
15.8306
14.993
12.6309
19.8548
14.2058
13.3126
12.9532
13.5733
14.9443
12.6819
14.6459
15.0801
18.1348
13.193
21.6557
12.5206
18.3359
13.4917
13.1229
20.7958
16.3235
18.8427
13.2685
20.156
20.1454
16.5614
14.8027
14.1872
14.0016
16.2386
18.0519
14.3852
12.7549
12.6997
18.4475
15.3287
15.1389
15.1383
18.843
14.6749
16.6921
19.5285
19.6369
12.8256
13.4173
13.2051
19.6051
15.2877
18.1172
19.2514
13.2551
22.2839
13.1102
13.4987
13.1865
12.9514
16.2928
13.2153
19.009
13.387
18.3822
16.9027
15.928
12.7097
14.4362
14.4458
15.7906
22.1663
17.3433
15.3701
16.5889
12.8711
17.9312
12.8074
17.5987
13.5848
13.7769
12.4997
13.6276
13.0491
17.9825
19.9603
16.6216
15.821
15.5878
13.4326
19.832
14.315
21.1065
13.3423
15.7463
20.6758
17.1198
13.3968
16.5323
19.014
17.0307
17.2094
18.1665
21.3439
14.9206
17.2147
15.5052
17.5767
15.295
15.0236
13.4088
15.8142
13.5211
13.7308
21.101
21.6437
14.9733
15.7422
13.6198
20.1807
19.4337
14.4242
15.6478
13.9085
13.3294
14.4074
15.6589
16.2585
17.8595
15.6264
15.4483
16.3433
12.8625
13.5798
13.4842
16.3076
12.9842
15.4681
13.1852
13.4088
17.1803
15.599
18.7894
19.9754
13.4397
15.0045
19.3778
13.3198
20.8017
20.6742
16.5626
19.5273
20.1636
15.3927
16.1031
14.0941
13.7905
19.3037
14.0959
15.7688
14.7162
17.9878
13.6002
20.2385
19.9736
20.2211
12.5444
15.5614
29.2968
13.3678
13.0456
14.9128
15.9814
16.8255
13.6204
18.7882
16.1927
13.9388
12.9239
13.1761
12.3756
17.2921
18.3746
15.0439
12.9178
20.5126
16.6901
12.9415
14.3714
15.1022
13.5176
20.3966
15.1707
13.3057
14.1359
17.3773
13.9217
14.2711
18.5844
19.0945
12.9969
12.9528
13.3731
12.6597
13.8964
13.5224
13.5205
15.7704
14.0433
15.7668
12.6386
24.0097
13.2855
13.6167
17.4949
13.5946
13.0051
19.0077
12.7939
13.6298
15.4596
13.2162
13.5745
17.6275
13.9214
18.1726
12.6654
13.0781
12.8397
16.8947
14.8184
20.1513
15.1986
13.2
17.102
14.4392
16.1193
13.1061
13.2557
15.5418
13.9331
13.6264
15.1263
13.93
14.541
12.7106
20.0264
12.841
15.9731
19.925
13.5746
15.72
12.9873
12.6593
13.2586
18.4045
23.8055
13.3752
15.4833
17.938
13.8697
14.6512
13.0906
13.4681
17.3381
13.3583
16.2353
13.3635
14.0166
15.9454
15.1345
12.864
16.5764
15.2764
13.1669
12.8823
18.0764
17.0209
12.5847
12.8452
12.8847
15.7066
16.2497
14.7246
17.6009
13.4595
14.987
12.8161
14.4096
19.4328
12.4387
12.6936
16.2757
13.6942
13.3883
17.6046
15.8548
21.0071
13.2596
12.735
12.6039
16.7539
12.7543
13.5095
12.4911
15.7733
16.3189
12.9149
15.2805
13.9904
14.8014
20.0374
16.9253
12.717
13.2276
15.863
15.4301
12.5978
13.1891
15.3115
13.4116
12.5199
13.3022
13.8706
13.9639
13.1011
14.8552
12.9046
17.006
14.4917
14.1722
13.3992
12.9139
12.7759
15.7923
12.7727
15.0678
15.5197
13.2656
20.6195
15.0163
14.5461
12.7375
14.5383
19.8551
17.817
13.014
16.3277
18.2536
13.4383
14.8979
13.0101
13.723
12.8637
12.7552
13.185
13.6349
14.2904
19.869
20.228
18.5613
17.5746
13.3811
20.8043
12.6375
15.9938
13.0395
15.2054
12.9149
21.9928
13.2365
19.1917
17.4603
13.6669
14.9603
13.3582
14.5329
16.7836
20.2112
14.5283
14.7972
12.5112
13.2561
13.0494
13.5597
13.0878
13.5067
15.1951
18.9529
17.6176
19.7596
17.4395
14.9968
14.1383
13.8021
12.6289
13.027
13.0416
15.8611
16.2226
14.1232
12.6323
21.4521
20.6602
16.1806
13.295
15.7737
21.7078
15.9738
12.5226
12.9586
13.0669
14.8444
12.9649
13.3207
21.9593
13.1357
14.9757
16.8497
12.4791
14.3757
14.0584
20.941
12.6797
21.5884
14.8124
18.8155
16.1479
15.4217
12.6041
13.2801
16.7023
16.8795
13.4378
13.9589
20.417
13.4566
14.1483
22.6113
13.6763
14.1708
15.9121
17.1056
20.9705
13.6148
14.2204
22.4848
20.1516
21.541
25.4523
19.3775
14.1753
13.6166
13.5702
13.7171
21.039
20.1627
16.5004
15.2249
13.831
14.2535
25.1121
13.4541
17.0774
27.3989
26.6116
19.9961
18.9195
18.5762
13.4543
18.8863
14.4844
16.5628
15.4721
23.8335
17.5661
16.6214
14.8809
17.5676
25.7905
14.7394
14.6219
14.0216
15.9891
16.8888
20.4082
18.2926
19.2706
25.8486
13.3011
15.9555
14.4034
15.1021
19.9102
13.4678
16.72
13.4639
17.1269
12.6068
18.436
20.7687
13.7436
21.3651
13.8403
14.6958
20.1261
14.7258
17.7605
15.6522
22.9262
24.3072
20.672
22.0535
13.7866
15.9207
12.7251
14.6781
13.327
13.9468
19.2832
15.6155
18.4756
17.8835
18.6417
15.9992
15.2576
15.1775
16.3002
14.7284
13.3706
16.841
20.7035
18.1116
18.477
18.5516
14.2921
20.5566
19.3481
16.6175
18.0679
15.8142
13.1768
12.896
12.9382
17.283
15.7497
18.7987
14.0375
21.6146
18.606
14.9007
14.7381
19.1251
14.5777
12.9641
16.8408
15.7151
14.5858
12.9638
16.1819
17.3882
16.9533
22.367
15.592
17.517
14.817
18.1074
14.4005
18.916
12.8862
16.4484
17.7255
26.0446
17.8844
13.3085
12.6894
14.2388
15.8306
16.2767
17.2088
13.8402
19.6881
12.5198
16.5291
20.0036
18.7217
18.1364
17.5165
12.5623
18.7953
21.7553
14.4173
19.0031
14.7184
15.1049
14.0907
13.776
20.604
14.6011
24.902
14.06
20.251
14.478
13.5463
14.0211
18.7182
13.6293
12.8135
13.5992
14.8134
13.639
15.1901
12.84
19.8792
14.4441
13.8163
14.8211
18.5073
23.0833
15.2858
14.1203
18.472
22.3439
20.1012
13.3639
15.6817
25.055
16.4963
15.7973
12.786
18.6119
13.6735
16.4714
12.7277
15.6363
18.5501
13.4148
21.6062
21.0828
13.5952
14.9154
18.2392
14.5022
14.8455
13.092
12.71
13.4096
18.7471
21.5046
16.6482
13.2221
13.8477
12.8686
20.5949
13.5842
12.4874
12.8252
14.0037
16.8705
15.4923
14.216
13.7062
16.3567
15.9111
21.3439
15.1432
14.0582
13.0611
14.0373
22.6753
13.1914
16.0001
13.0492
16.5313
13.3768
14.6308
22.7504
20.3394
14.0045
13.2781
15.3934
14.632
13.7213
13.3391
21.6347
12.6759
13.2729
12.7206
13.358
12.9598
13.5875
12.6413
12.6537
13.0134
12.7626
12.8933
12.4272
12.866
12.9492
13.3705
13.6773
12.9295
13.2354
12.5683
13.6809
13.5802
13.8277
12.9438
13.1478
12.8376
12.5465
17.5277
13.481
22.0295
16.4009
16.2023
16.8234
12.9156
15.0925
13.3307
21.575
15.5769
22.7796
18.0306
15.246
12.8416
13.8631
13.5284
19.8133
13.2946
13.8844
15.3744
13.0258
14.8904
12.8107
20.579
13.3583
15.0907
20.7789
18.2754
13.3291
13.1755
13.2264
13.2672
19.5523
16.2973
12.7913
14.3959
13.9983
13.6269
20.0086
21.0622
14.0795
21.9066
17.1624
12.3633
20.3467
18.9099
20.4053
13.2638
14.4135
18.475
15.5648
22.1153
19.0375
19.4894
13.2924
13.3569
16.6369
22.5452
13.1757
20.6964
23.9911
12.7312
15.3752
16.7173
19.0517
16.3411
13.3814
13.042
12.9507
17.2515
17.6208
17.5702
12.935
17.7679
18.8922
13.8186
13.7417
12.8216
19.7634
16.7479
18.5688
16.5288
14.2023
17.499
21.2879
17.7799
17.9892
13.1874
21.8143
13.0283
13.0105
13.752
15.8201
20.552
18.8334
12.9251
13.2045
14.4416
18.2075
19.6969
12.568
16.1926
12.722
12.8161
20.8493
20.036
18.6637
18.8298
17.1126
20.6053
13.8917
16.5892
12.608
13.0149
13.2363
13.7027
13.3641
12.8988
13.487
21.4514
12.8582
13.8379
13.2057
15.6844
13.0465
13.5402
12.606
14.0852
21.8434
14.9276
14.0321
21.0547
15.4301
24.3716
21.9073
12.7028
32.7731
15.0284
14.5338
13.2433
13.9354
19.2639
16.6129
13.2777
20.3287
14.3051
16.0488
20.5384
19.2559
20.4785
18.4608
15.619
12.8411
15.7693
12.9767
17.2202
14.5844
13.7998
12.468
19.1588
21.1125
22.0959
16.0891
14.2821
13.3723
17.8558
18.3781
17.0261
13.3071
13.2844
12.8091
13.5079
